StationId,StationName,country,owner,type,status,stationHeight,barometerHeight,latitude,longitude,region,created,operationFrom,operationTo,updated,validFrom,validTo,wmoCountryCode,wmoStationId,cloud_cover,cloud_height,humidity,humidity_past1h,leav_hum_dur_past10min,leav_hum_dur_past1h,precip_dur_past10min,precip_dur_past1h,precip_past10min,precip_past1h,precip_past1min,precip_past24h,pressure,pressure_at_sea,radia_glob,radia_glob_past1h,snow_cover_man,snow_depth_man,sun_last10min_glob,sun_last1h_glob,temp_dew,temp_dry,temp_grass,temp_grass_max_past1h,temp_grass_mean_past1h,temp_grass_min_past1h,temp_max_past12h,temp_max_past1h,temp_mean_past1h,temp_min_past12h,temp_min_past1h,temp_soil,temp_soil_max_past1h,temp_soil_mean_past1h,temp_soil_min_past1h,visib_mean_last10min,visibility,weather,wind_dir,wind_dir_past1h,wind_gust_always_past1h,wind_max,wind_max_per10min_past1h,wind_min,wind_min_past1h,wind_speed,wind_speed_past1h
4202,Pituffik,GRL,Mittafik/Grønlandske lufthavne,Synop,Active,,,76.5333,-68.75,4,2024-11-28T14:46:41Z,1948-12-31T00:00:00Z,,,1948-12-31T00:00:00Z,2006-10-16T00:00:00Z,6070,4202,1974,1974,1974,-,-,-,-,-,-,-,-,-,1998,1974,-,-,-,-,-,-,1974,1974,-,-,-,-,1974,-,-,1974,-,-,-,-,-,-,1974,1974,1974,-,-,-,-,-,-,1974,-
4203,Kitsissut,GRL,DMI,GIWS,Active,11,,76.7333,-73.1208,4,2024-11-28T14:46:41Z,1980-06-15T00:00:00Z,,,1980-06-15T00:00:00Z,2019-01-15T13:34:47Z,6070,4203,1982,1981,1980,-,-,-,-,-,-,-,-,-,1993,1980,-,-,-,-,-,-,1980,1980,-,-,-,-,1981,-,-,2004,-,-,-,-,-,-,1981,1980,1980,-,-,2013,-,-,-,1980,-
4205,Mittarfik Qaanaaq,GRL,Mittafik/Grønlandske lufthavne,Synop,Active,,,77.4833,-69.2,4,2024-11-28T14:46:41Z,1964-01-01T00:00:00Z,,,1964-01-01T00:00:00Z,1980-07-01T00:00:00Z,6070,4205,1964,1964,1964,2006,-,-,-,-,-,-,-,-,2001,1964,-,-,-,-,-,-,1964,1964,-,-,-,-,1964,2006,2006,1964,2006,-,-,-,-,2006,1964,1964,1964,2006,2006,2006,2006,2006,-,1964,2006
4208,Kitsissorsuit,GRL,DMI,GIWS,Active,40,,74.0606,-57.7231,4,2024-11-28T14:46:41Z,1981-09-10T00:00:00Z,,,1981-09-10T00:00:00Z,2019-01-15T13:34:47Z,6070,4208,1982,1990,1981,-,-,-,-,-,-,-,-,-,1993,1981,-,-,-,-,-,-,1981,1981,-,-,-,-,-,-,-,-,-,-,-,-,-,2013,1982,1981,1981,-,-,2013,-,-,-,1981,-
4211,Mittarfik Upernavik,GRL,Mittafik/Grønlandske lufthavne,Synop,Active,126,,72.7903,-56.1306,4,2024-11-28T14:46:41Z,2000-10-23T00:00:00Z,,,2000-10-23T00:00:00Z,2019-01-15T13:34:47Z,6070,4211,2003,2003,2000,2005,-,-,-,-,-,-,-,-,2000,2000,-,-,-,-,-,-,2000,2000,-,-,-,-,2000,2005,2005,2000,2005,-,-,-,-,2005,2003,2003,2000,2005,2005,2005,2005,2005,-,2000,2005
4213,Mittarfik Uummannaq-Qaarsut,GRL,Mittafik/Grønlandske lufthavne,Synop,Active,88,,70.7342,-52.6961,4,2024-11-28T14:46:41Z,1999-09-25T00:00:00Z,,,1999-09-25T00:00:00Z,2019-01-15T13:34:47Z,6070,4213,2006,2006,2000,2006,-,-,-,-,-,-,-,-,2000,2000,-,-,-,-,-,-,2000,2000,-,-,-,-,2000,2006,2006,2000,2006,-,-,-,-,2016,2016,2006,2000,2006,2006,2006,2006,2006,-,2000,2006
4214,Nuussuaq,GRL,DMI,GIWS,Active,,,70.05,-52.85,4,2024-11-28T14:46:41Z,1961-01-01T00:00:00Z,,,1961-01-01T00:00:00Z,1972-09-01T00:00:00Z,6070,4214,1961,1961,1961,-,-,-,-,-,-,-,-,-,1993,1961,-,-,-,-,-,-,1961,1961,-,-,-,-,1961,-,-,1961,-,-,-,-,-,-,1961,1961,1961,-,-,2013,-,-,-,1961,-
4219,Qeqertarsuaq Heliport,GRL,Mittafik/Grønlandske lufthavne,Synop,Active,11,,69.2511,-53.5381,4,2024-11-28T14:46:41Z,2004-01-21T00:00:00Z,,,2004-01-21T00:00:00Z,2019-01-15T13:34:47Z,6070,4219,-,-,2006,2010,-,-,-,-,-,-,-,-,2006,2006,-,-,-,-,-,-,2006,2006,-,-,-,-,2006,2010,2010,2006,2010,-,-,-,-,-,2014,-,2006,2010,2010,2010,2010,2010,-,2006,2010
4220,Aasiaat,GRL,DMI,Synop,Active,43,,68.7081,-52.8517,4,2024-11-28T14:46:41Z,1958-01-01T00:00:00Z,,,1958-01-01T00:00:00Z,2019-01-15T13:34:47Z,6070,4220,1958,1958,1958,2008,-,-,-,-,2011,2011,-,2008,1973,1958,2009,2009,-,-,-,-,1958,1958,-,-,-,-,1958,2008,2008,1958,2008,-,-,-,-,2009,1958,1958,1958,2008,2008,2008,2009,2008,2009,1958,2008
4221,Mittarfik Ilulissat,GRL,Mittafik/Grønlandske lufthavne,Synop,Active,29,,69.2403,-51.0661,4,2024-11-28T14:46:41Z,1984-01-01T00:00:00Z,,,1984-01-01T00:00:00Z,2019-01-15T13:34:47Z,6070,4221,1991,1991,1991,2006,-,-,-,-,-,-,-,-,1993,1991,-,-,-,-,-,-,1991,1991,-,-,-,-,1991,2006,2006,1991,2006,-,-,-,-,2006,1991,1991,1991,2006,2006,2006,2006,2006,-,1991,2006
4224,Mittarfik Aasiaat,GRL,Mittafik/Grønlandske lufthavne,Synop,Active,23,,68.7219,-52.7847,4,2024-11-28T14:46:41Z,1998-10-17T00:00:00Z,,,1998-10-17T00:00:00Z,2019-01-15T13:34:47Z,6070,4224,2010,2010,2000,2006,-,-,-,-,-,2024,-,-,2000,2000,2006,2006,-,-,-,-,2000,2000,-,-,-,-,2000,2006,2006,2000,2006,-,-,-,-,2010,2010,2006,2000,2006,2006,2006,2006,2006,-,2000,2006
4228,Kitsissut/Attu,GRL,DMI,GIWS,Active,10,,67.7833,-53.9667,4,2024-11-28T14:46:41Z,1983-08-18T00:00:00Z,,,1983-08-18T00:00:00Z,1990-06-17T00:00:00Z,6070,4228,1983,1988,1983,-,-,-,-,-,-,-,-,-,1993,1983,-,-,-,-,-,-,1983,1983,-,-,-,-,-,-,-,-,-,-,-,-,-,-,1983,1988,1983,-,-,2013,-,-,-,1983,-
4231,Mittarfik Kangerlussuaq,GRL,Mittafik/Grønlandske lufthavne,Synop,Active,,,67.0181,-50.7033,4,2024-11-28T14:46:41Z,1973-05-01T00:00:00Z,,,1973-05-01T00:00:00Z,2004-07-01T00:00:00Z,6070,4231,1973,1973,1973,2007,-,-,-,-,-,-,-,1991,1993,1973,-,-,-,-,-,-,1973,1973,-,-,-,-,1975,2007,2007,1975,2007,-,-,-,-,2006,1973,1973,1973,2007,2007,2007,2007,2007,-,1973,2007
4234,Mittarfik Sisimiut,GRL,Mittafik/Grønlandske lufthavne,Synop,Active,10,,66.9514,-53.7294,4,2024-11-28T14:46:41Z,1998-10-03T00:00:00Z,,,1998-10-03T00:00:00Z,2019-01-15T13:34:47Z,6070,4234,2001,2001,2000,2006,-,-,-,-,-,2024,-,-,2000,2000,-,-,-,-,-,-,2000,2000,-,-,-,-,2000,2006,2006,2000,2006,-,-,-,-,2006,2001,2001,2000,2006,2006,2006,2006,2006,-,2000,2006
4241,Mittarfik Maniitsoq,GRL,Mittafik/Grønlandske lufthavne,Synop,Active,28,,65.4125,-52.9394,4,2024-11-28T14:46:41Z,1999-09-30T00:00:00Z,,,1999-09-30T00:00:00Z,2019-01-15T13:34:47Z,6070,4241,2001,2001,2000,2005,-,-,-,-,-,-,-,-,2000,2000,-,-,-,-,-,-,2000,2000,-,-,-,-,2000,2005,2005,2000,2005,-,-,-,-,2005,2001,2001,2000,2005,2005,2005,2005,2005,-,2000,2005
4242,Sioralik,GRL,DMI,GIWS,Active,12,,65.0131,-52.5286,4,2024-11-28T14:46:41Z,1983-06-16T00:00:00Z,,,1983-06-16T00:00:00Z,2019-01-15T13:34:47Z,6070,4242,1983,1991,1983,-,-,-,-,-,-,-,-,-,1993,1983,-,-,-,-,-,-,1983,1983,-,-,-,-,-,-,-,-,-,-,-,-,-,-,1983,-,1983,-,-,2013,-,-,-,1983,-
4250,Nuuk,GRL,DMI,Synop,Active,,,64.1667,-51.75,4,2024-11-28T14:46:41Z,1958-01-01T00:00:00Z,,,1958-01-01T00:00:00Z,1991-09-01T00:00:00Z,6070,4250,1958,1958,1958,2001,-,-,-,-,2001,2001,-,2005,1993,1958,2007,2007,-,-,-,-,1958,1958,-,-,-,-,1958,2001,2001,1958,2001,-,-,-,-,2001,1958,1958,1958,2001,2003,2003,2001,2001,2001,1958,2001
4253,Ukiiviit,GRL,DMI,GIWS,Active,,,62.5667,-50.4167,4,2024-11-28T14:46:41Z,1982-06-20T00:00:00Z,,,1982-06-20T00:00:00Z,2010-08-28T00:00:00Z,6070,4253,1982,1990,1982,-,-,-,-,-,-,-,-,-,1993,1982,-,-,-,-,-,-,1982,1982,-,-,-,-,-,-,-,-,-,-,-,-,-,-,1984,1984,1982,-,-,2013,-,-,-,1982,-
4254,Mittarfik Nuuk,GRL,Mittafik/Grønlandske lufthavne,Synop,Active,,,63.0833,-50.6833,4,2024-11-28T14:46:41Z,1967-01-17T00:00:00Z,,,1967-01-17T00:00:00Z,1975-08-01T00:00:00Z,6070,4254,1967,2005,2000,2006,-,-,-,-,-,-,-,-,2000,2000,-,-,-,-,-,-,2000,2000,-,-,-,-,2000,2006,2006,2000,2006,-,-,-,-,2006,1967,1967,1967,2006,2006,2006,2006,2006,-,1967,2006
4260,Mittarfik Paamiut,GRL,Mittafik/Grønlandske lufthavne,Synop,Active,,,62,-49.7167,4,2024-11-28T14:46:41Z,1958-01-01T00:00:00Z,,,1958-01-01T00:00:00Z,1992-09-22T00:00:00Z,6070,4260,1958,1958,1958,2007,-,-,-,-,-,-,-,-,1993,1958,-,-,-,-,-,-,1958,1958,-,-,-,-,1958,2007,2007,1958,2007,-,-,-,-,2000,1958,1958,1958,2007,2007,2007,2007,2007,-,1958,2007
4266,Nunarssuit,GRL,DMI,GIWS,Active,30.83,,60.7636,-48.4547,4,2024-11-28T14:46:41Z,1981-07-22T00:00:00Z,,,1981-07-22T00:00:00Z,2010-08-20T00:00:00Z,6070,4266,1982,1991,1981,-,-,-,-,-,-,-,-,1998,1993,1981,-,-,-,-,-,-,1981,1981,-,-,-,-,-,-,-,1998,-,-,-,-,-,-,1982,1981,1981,-,-,2013,-,-,-,1981,-
4270,Mittarfik Narsarsuaq,GRL,Mittafik/Grønlandske lufthavne,Synop,Active,34.14,,61.1608,-45.4256,4,2024-11-28T14:46:41Z,1961-01-01T00:00:00Z,,,1961-01-01T00:00:00Z,2019-01-15T13:34:47Z,6070,4270,1961,1961,1961,2007,-,-,-,-,-,2024,-,1991,1993,1961,-,-,-,-,-,-,1961,1961,-,-,-,-,1961,2007,2007,1961,2007,-,-,-,-,2007,1961,1961,1961,2007,2007,2007,2007,2007,-,1961,2007
4271,Narsarsuaq,GRL,DMI,Synop,Active,3.9,,61.1575,-45.44,4,2024-11-28T14:46:41Z,2011-07-07T00:00:00Z,,,2011-07-07T00:00:00Z,2019-01-15T13:34:47Z,6070,4271,-,-,2012,2012,-,-,-,-,2012,2012,-,2012,2012,2012,2012,2012,-,-,-,-,2012,2012,-,-,-,-,2012,2012,2012,2012,2012,-,-,-,-,-,-,-,2012,2012,2012,2012,2012,2012,2012,2012,2012
4272,Qaqortoq,GRL,DMI,Synop,Active,57,,60.7167,-46.05,4,2024-11-28T14:46:41Z,1961-01-01T00:00:00Z,,,1961-01-01T00:00:00Z,2003-09-09T00:00:00Z,6070,4272,1961,1961,1961,2003,-,-,-,-,2003,2003,-,2005,1993,1961,-,-,-,-,-,-,1961,1961,-,-,-,-,1961,2003,2003,1961,2003,-,-,-,-,2003,1961,1961,1961,2003,2003,2003,2003,2003,2003,1961,2003
4273,Qaqortoq Heliport,GRL,Mittafik/Grønlandske lufthavne,Synop,Active,18,,60.7131,-46.0294,4,2024-11-28T14:46:41Z,2004-03-17T00:00:00Z,,,2004-03-17T00:00:00Z,2019-01-15T13:34:47Z,6070,4273,-,-,2004,2006,-,-,-,-,-,-,-,-,2004,2004,-,-,-,-,-,-,2004,2004,-,-,-,-,2004,2006,2006,2004,2006,-,-,-,-,-,-,-,2004,2006,2006,2006,2006,2006,-,2004,2006
4285,Angissoq,GRL,DMI,GIWS,Active,14.38,,59.9908,-45.1467,4,2024-11-28T14:46:41Z,1964-01-01T00:00:00Z,,,1964-01-01T00:00:00Z,2008-11-04T00:00:00Z,6070,4285,1964,1964,1964,-,-,-,-,-,-,-,-,-,1993,1964,-,-,-,-,-,-,1964,1964,-,-,-,-,1964,-,-,1964,-,-,-,-,-,-,1964,1964,1964,-,-,2013,-,-,-,1964,-
4301,Kap Morris Jesup,GRL,DMI,GIWS,Active,,,83.65,-33.3667,4,2024-11-28T14:46:41Z,1980-07-16T00:00:00Z,,,1980-07-16T00:00:00Z,2009-07-31T00:00:00Z,6070,4301,1981,-,1980,-,-,-,-,-,-,-,-,-,1993,1980,-,-,-,-,-,-,1980,1980,-,-,-,-,-,-,-,-,-,-,-,-,-,-,1982,1980,1980,-,-,2013,-,-,-,1980,-
4312,Station Nord,GRL,DMI,GIWS,Active,,,81.6,-16.65,4,2024-11-28T14:46:41Z,1978-01-01T00:00:00Z,,,1978-01-01T00:00:00Z,2009-03-04T00:00:00Z,6070,4312,1989,1990,1985,-,-,-,-,-,-,-,-,-,1993,1985,-,-,-,-,-,-,1985,1985,-,-,-,-,-,-,-,-,-,-,-,-,-,-,1990,1999,1985,-,-,2013,-,-,-,1985,-
4313,Henrik Krøyer Holme,GRL,DMI,GIWS,Active,,,80.65,-13.7167,4,2024-11-28T14:46:41Z,1984-08-29T00:00:00Z,,,1984-08-29T00:00:00Z,2009-08-07T00:00:00Z,6070,4313,1990,1990,1985,-,-,-,-,-,-,-,-,-,1993,1985,-,-,-,-,-,-,1985,1985,-,-,-,-,-,-,-,-,-,-,-,-,-,-,1990,-,1985,-,-,2013,-,-,-,1985,-
4320,Danmarkshavn,GRL,DMI,Synop,Active,11,,76.7694,-18.6681,4,2024-11-28T14:46:41Z,1948-11-05T00:00:00Z,,,1948-11-05T00:00:00Z,2019-01-15T13:34:47Z,6070,4320,1958,1958,1958,2010,-,-,-,-,2010,2012,-,1995,1976,1958,2010,2010,-,-,-,-,1958,1958,-,-,-,-,1958,2010,2010,1958,2010,-,-,-,-,2010,1958,1958,1958,2010,2010,2010,2009,2010,2010,1958,2010
4330,Daneborg,GRL,DMI,GIWS,Active,,,74.3,-20.2167,4,2024-11-28T14:46:41Z,1946-08-01T00:00:00Z,,,1946-08-01T00:00:00Z,2009-08-10T00:00:00Z,6070,4330,1958,1958,1958,-,-,-,-,-,-,-,-,1998,1993,1958,-,-,-,-,-,-,1958,1958,-,-,-,-,1958,-,-,1958,-,-,-,-,-,-,1958,1958,1958,-,-,2013,-,-,-,1958,-
4339,Ittoqqortoormiit,GRL,DMI,Synop,Active,70,,70.4833,-21.95,4,2024-11-28T14:46:41Z,1980-11-01T00:00:00Z,,,1980-11-01T00:00:00Z,2005-08-17T00:00:00Z,6070,4339,1980,1980,1980,2005,-,-,-,-,2005,2005,-,2005,1993,1980,2005,2005,-,-,-,-,1980,1980,-,-,-,-,1980,2005,2005,1980,2005,-,-,-,-,2005,1980,1980,1980,2005,2005,2005,2005,2005,2005,1980,2005
4341,Mittarfik Nerlerit Inaat,GRL,Mittafik/Grønlandske lufthavne,Synop,Active,14,,70.7431,-22.6506,4,2024-11-28T14:46:41Z,1985-10-01T00:00:00Z,,,1985-10-01T00:00:00Z,2019-01-15T13:34:47Z,6070,4341,2000,2005,2000,2005,-,-,-,-,-,-,-,-,2000,2000,-,-,-,-,-,-,2000,2000,-,-,-,-,2000,2005,2005,2000,2005,-,-,-,-,-,-,2022,2000,2005,2005,2005,2005,2005,-,2000,2005
4351,Aputiteeq,GRL,DMI,GIWS,Active,12,,67.7817,-32.2842,4,2024-11-28T14:46:41Z,1979-07-01T00:00:00Z,,,1979-07-01T00:00:00Z,2019-01-15T13:34:47Z,6070,4351,1989,1990,1987,-,-,-,-,-,-,-,-,1998,1993,1987,-,-,-,-,-,-,1987,1987,-,-,-,-,-,-,-,-,-,-,-,-,-,-,1990,1990,1987,-,-,2013,-,-,-,1987,-
4360,Tasiilaq,GRL,DMI,Synop,Active,,,65.6,-37.6333,4,2024-11-28T14:46:41Z,1958-01-01T00:00:00Z,,,1958-01-01T00:00:00Z,1982-04-01T00:00:00Z,6070,4360,1958,1958,1958,2005,-,-,-,-,2005,2005,-,2005,1990,1958,2005,2005,-,-,-,-,1958,1958,-,-,-,-,1958,2005,2005,1958,2005,-,-,-,-,2005,1958,1958,1958,2005,2005,2005,2005,2005,2005,1958,2005
4361,Mittarfik Kulusuk,GRL,Mittafik/Grønlandske lufthavne,Synop,Active,35,,65.5736,-37.1236,4,2024-11-28T14:46:41Z,1986-02-03T00:00:00Z,,,1986-02-03T00:00:00Z,2019-01-15T13:34:47Z,6070,4361,2000,2005,2000,2005,-,-,-,-,-,-,-,-,2000,2000,-,-,-,-,-,-,2000,2000,-,-,-,-,2000,2005,2005,2000,2005,-,-,-,-,2013,2013,2013,2000,2005,2005,2005,2005,2005,-,2000,2005
4373,Ikermit,GRL,DMI,GIWS,Active,78,,64.7833,-40.3,4,2024-11-28T14:46:41Z,1987-05-31T00:00:00Z,,,1987-05-31T00:00:00Z,2009-09-09T00:00:00Z,6070,4373,1990,1990,1987,-,-,-,-,-,-,-,-,-,1993,1987,-,-,-,-,-,-,1987,1987,-,-,-,-,-,-,-,-,-,-,-,-,-,-,1990,-,1987,-,-,2013,-,-,-,1987,-
4382,Ikermiuarssuk,GRL,DMI,GIWS,Active,39.59,,61.9367,-42.0675,4,2024-11-28T14:46:41Z,1980-06-18T00:00:00Z,,,1980-06-18T00:00:00Z,2010-08-17T00:00:00Z,6070,4382,-,-,2010,-,-,-,-,-,-,-,-,-,2008,2008,-,-,-,-,-,-,2008,2008,-,-,-,-,-,-,-,-,-,-,-,-,-,-,-,-,2008,-,-,2013,-,-,-,2008,-
4390,Ikerasassuaq,GRL,DMI,Synop,Active,,,60.0333,-43.1167,4,2024-11-28T14:46:41Z,1958-01-01T00:00:00Z,,,1958-01-01T00:00:00Z,1980-10-10T00:00:00Z,6070,4390,1958,1958,1958,2003,-,-,-,-,2004,2004,-,2005,1993,1958,-,-,-,-,-,-,1958,1958,-,-,-,-,1958,2003,2003,1958,2003,-,-,-,-,2003,1958,1958,1958,2003,2003,2003,2003,2003,2003,1958,2003
4416,Summit,GRL,DMI,GIWS,Active,3220,,72.5833,-38.45,4,2024-11-28T14:46:41Z,1997-08-22T00:00:00Z,2019-10-11T00:00:00Z,,1997-08-22T00:00:00Z,2019-01-15T13:34:47Z,6070,4416,-,-,1997,-,-,-,-,-,-,-,-,-,1997,-,-,-,-,-,-,-,1997,1997,-,-,-,-,-,-,-,-,-,-,-,-,-,-,-,-,1997,-,-,-,-,-,-,1997,-
5005,Uggerby,DNK,DMI,Pluvio,Active,8,,57.5705,10.1074,6,2024-11-28T14:46:41Z,2009-12-16T00:00:00Z,,,2009-12-16T00:00:00Z,,,,2011,-,-,-,-,-,2009,2009,2009,2009,2012,-,-,-,-,-,-,-,-,-,-,-,-,-,-,-,-,-,-,-,-,-,-,-,-,-,-,-,2021,-,-,-,-,-,-,2021,-
5009,Nørre Lyngby N,DNK,DMI,Pluvio,Active,22,,57.4185,9.7607,6,2024-11-28T14:46:41Z,2010-04-13T00:00:00Z,,,2010-04-13T00:00:00Z,2021-09-20T09:05:25Z,,,2021,-,-,-,-,-,2010,2010,2010,2010,2012,-,-,-,-,-,-,-,-,-,-,-,-,-,-,-,-,-,-,-,-,-,-,-,-,-,-,-,2021,-,-,-,-,-,-,2021,-
5015,Lendum,DNK,DMI,Pluvio,Active,61,,57.4029,10.2704,6,2024-11-28T14:46:41Z,2009-12-16T00:00:00Z,,,2009-12-16T00:00:00Z,,,,2011,-,-,-,-,-,2009,2009,2009,2009,2012,-,-,-,-,-,-,-,-,-,-,-,-,-,-,-,-,-,-,-,-,-,-,-,-,-,-,-,2011,-,-,-,-,-,-,2011,-
5031,Byrum,DNK,DMI,Pluvio,Active,5,,57.2746,11.0292,6,2024-11-28T14:46:41Z,2010-04-13T00:00:00Z,,,2010-04-13T00:00:00Z,,,,-,-,-,-,-,-,2010,2010,2010,2010,2012,-,-,-,-,-,-,-,-,-,-,-,-,-,-,-,-,-,-,-,-,-,-,-,-,-,-,-,-,-,-,-,-,-,-,-,-
5035,Voerså Hede,DNK,DMI,Pluvio,Active,22,,57.2215,10.471,6,2024-11-28T14:46:41Z,2009-12-16T00:00:00Z,,,2009-12-16T00:00:00Z,,,,-,-,-,-,-,-,2009,2009,2009,2009,2012,-,-,-,-,-,-,-,-,-,-,-,-,-,-,-,-,-,-,-,-,-,-,-,-,-,-,-,-,-,-,-,-,-,-,-,-
5042,Møllegård Huse,DNK,DMI,Pluvio,Active,7,,56.9564,10.2232,6,2024-11-28T14:46:41Z,2014-10-30T00:00:00Z,,,2014-10-30T00:00:00Z,,,,-,-,-,-,-,-,2014,2014,2014,2014,2014,-,-,-,-,-,-,-,-,-,-,-,-,-,-,-,-,-,-,-,-,-,-,-,-,-,-,-,-,-,-,-,-,-,-,-,-
5065,Mørkeskov,DNK,DMI,Pluvio,Active,85,,56.8136,9.8247,6,2024-11-28T14:46:41Z,2009-12-15T00:00:00Z,,,2009-12-15T00:00:00Z,2011-11-02T00:00:00Z,,,-,-,-,-,-,-,2009,2009,2009,2009,2012,-,-,-,-,-,-,-,-,-,-,-,-,-,-,-,-,-,-,-,-,-,-,-,-,-,-,-,-,-,-,-,-,-,-,-,-
5070,Havnø,DNK,DMI,Pluvio,Active,2,,56.7157,10.1644,6,2024-11-28T14:46:41Z,2009-12-15T00:00:00Z,,,2009-12-15T00:00:00Z,,,,-,-,-,-,-,-,2009,2009,2009,2009,2012,-,-,-,-,-,-,-,-,-,-,-,-,-,-,-,-,-,-,-,-,-,-,-,-,-,-,-,-,-,-,-,-,-,-,-,-
5075,Hannerup,DNK,DMI,Pluvio,Active,,,56.6646,9.7204,6,2024-11-28T14:46:41Z,2009-12-15T00:00:00Z,,,2009-12-15T00:00:00Z,2011-11-02T00:00:00Z,,,-,-,-,-,-,-,2009,2009,2009,2009,2012,-,-,-,-,-,-,-,-,-,-,-,-,-,-,-,-,-,-,-,-,-,-,-,-,-,-,-,-,-,-,-,-,-,-,-,-
5081,Gatten,DNK,DMI,Pluvio,Active,22,,56.879,9.4041,6,2024-11-28T14:46:41Z,2010-04-13T00:00:00Z,,,2010-04-13T00:00:00Z,,,,2024,2024,-,-,-,-,2010,2010,2010,2010,2012,-,-,-,-,-,-,-,-,-,-,-,-,-,-,-,-,-,-,-,-,-,-,-,-,-,2024,-,2024,-,-,-,-,-,-,2024,-
5085,Aggersund,DNK,DMI,Pluvio,Active,8,,57.0143,9.2889,6,2024-11-28T14:46:41Z,2009-12-16T00:00:00Z,,,2009-12-16T00:00:00Z,2014-10-29T00:00:00Z,,,-,-,-,-,-,-,2009,2009,2009,2009,2012,-,-,-,-,-,-,-,-,-,-,-,-,-,-,-,-,-,-,-,-,-,-,-,-,-,-,-,-,-,-,-,-,-,-,-,-
5089,Lild Strand,DNK,DMI,Pluvio,Active,6,,57.1518,8.9649,6,2024-11-28T14:46:41Z,2010-04-13T00:00:00Z,,,2010-04-13T00:00:00Z,,,,-,-,-,-,-,-,2010,2010,2010,2010,2012,-,-,-,-,-,-,-,-,-,-,-,-,-,-,-,-,-,-,-,-,-,-,-,-,-,-,-,-,-,-,-,-,-,-,-,-
5095,Nørre Vorupør,DNK,DMI,Pluvio,Active,16,,56.9514,8.3774,6,2024-11-28T14:46:41Z,2009-12-15T00:00:00Z,,,2009-12-15T00:00:00Z,2011-02-22T00:00:00Z,,,-,-,-,-,-,-,2009,2009,2009,2009,2012,-,-,-,-,-,-,-,-,-,-,-,-,-,-,-,-,-,-,-,-,-,-,-,-,-,-,-,-,-,-,-,-,-,-,-,-
5105,Erslev,DNK,DMI,Pluvio,Active,26,,56.8334,8.7296,6,2024-11-28T14:46:41Z,2009-12-15T00:00:00Z,,,2009-12-15T00:00:00Z,,,,-,-,-,-,-,-,2009,2009,2009,2009,2012,-,-,-,-,-,-,-,-,-,-,-,-,-,-,-,-,-,-,-,-,-,-,-,-,-,-,-,-,-,-,-,-,-,-,-,-
5109,Junget,DNK,DMI,Pluvio,Active,21,,56.7637,9.0945,6,2024-11-28T14:46:41Z,2010-04-13T00:00:00Z,,,2010-04-13T00:00:00Z,,,,-,-,-,-,-,-,2010,2010,2010,2010,2012,-,-,-,-,-,-,-,-,-,-,-,-,-,-,-,-,-,-,-,-,-,-,-,-,-,-,-,-,-,-,-,-,-,-,-,-
5135,Grønbæk,DNK,DMI,Pluvio,Active,25,,56.2763,9.6213,6,2024-11-28T14:46:41Z,2010-01-18T00:00:00Z,,,2010-01-18T00:00:00Z,,,,-,-,-,-,-,-,2010,2010,2010,2010,2012,-,-,-,-,-,-,-,-,-,-,-,-,-,-,-,-,-,-,-,-,-,-,-,-,-,-,-,-,-,-,-,-,-,-,-,-
5140,Hald,DNK,DMI,Pluvio,Active,75,,56.5665,10.1004,6,2024-11-28T14:46:41Z,2009-12-14T00:00:00Z,,,2009-12-14T00:00:00Z,,,,-,-,-,-,-,-,2009,2009,2009,2009,2012,-,-,-,-,-,-,-,-,-,-,-,-,-,-,-,-,-,-,-,-,-,-,-,-,-,-,-,-,-,-,-,-,-,-,-,-
5150,Hevringholm,DNK,DMI,Pluvio,Active,12,,56.5062,10.4403,6,2024-11-28T14:46:41Z,2009-12-14T00:00:00Z,,,2009-12-14T00:00:00Z,,,,-,-,-,-,-,-,2009,2009,2009,2009,2012,-,-,-,-,-,-,-,-,-,-,-,-,-,-,-,-,-,-,-,-,-,-,-,-,-,-,-,-,-,-,-,-,-,-,-,-
5160,Sibirien,DNK,DMI,Pluvio,Active,14,,56.1103,10.5466,6,2024-11-28T14:46:41Z,2009-12-14T00:00:00Z,,,2009-12-14T00:00:00Z,,,,-,-,-,-,-,-,2009,2009,2009,2009,2012,-,-,-,-,-,-,-,-,-,-,-,-,-,-,-,-,-,-,-,-,-,-,-,-,-,-,-,-,-,-,-,-,-,-,-,-
5165,Tranebjerg Øst,DNK,DMI,Pluvio,Active,18,,55.8322,10.6185,6,2024-11-28T14:46:41Z,2010-11-18T00:00:00Z,,,2010-11-18T00:00:00Z,,,,-,-,-,-,-,-,2010,2010,2010,2010,2012,-,-,-,-,-,-,-,-,-,-,-,-,-,-,-,-,-,-,-,-,-,-,-,-,-,-,-,-,-,-,-,-,-,-,-,-
5169,Hov,DNK,DMI,Pluvio,Active,,,55.9126,10.2535,6,2024-11-28T14:46:41Z,2010-04-12T00:00:00Z,,,2010-04-12T00:00:00Z,2011-02-24T00:00:00Z,,,-,-,-,-,-,-,2010,2010,2010,2010,2012,-,-,-,-,-,-,-,-,-,-,-,-,-,-,-,-,-,-,-,-,-,-,-,-,-,-,-,-,-,-,-,-,-,-,-,-
5185,Flensted,DNK,DMI,Pluvio,Active,96,,56.1496,9.7877,6,2024-11-28T14:46:41Z,2009-12-14T00:00:00Z,2024-10-29T00:00:00Z,,2009-12-14T00:00:00Z,2015-07-20T00:00:00Z,,,-,-,-,-,-,-,2009,2009,2009,2009,2012,-,-,-,-,-,-,-,-,-,-,-,-,-,-,-,-,-,-,-,-,-,-,-,-,-,-,-,-,-,-,-,-,-,-,-,-
5199,Gludsted Plantage Nv,DNK,DMI,Pluvio,Active,85,,56.0761,9.3298,6,2024-11-28T14:46:41Z,2013-09-17T00:00:00Z,,,2013-09-17T00:00:00Z,,,,-,-,-,-,-,-,2013,2013,2013,2013,2013,-,-,-,-,-,-,-,-,-,-,-,-,-,-,-,-,-,-,-,-,-,-,-,-,-,-,-,-,-,-,-,-,-,-,-,-
5202,Nørre Snede,DNK,DMI,Pluvio,Active,91,,55.9603,9.3768,6,2024-11-28T14:46:41Z,2011-10-17T00:00:00Z,,,2011-10-17T00:00:00Z,,,,-,-,-,-,-,-,2011,2011,2011,2011,2012,-,-,-,-,-,-,-,-,-,-,-,-,-,-,-,-,-,-,-,-,-,-,-,-,-,-,-,-,-,-,-,-,-,-,-,-
5205,Vestbirk,DNK,DMI,Pluvio,Active,56,,55.961,9.7022,6,2024-11-28T14:46:41Z,2009-12-14T00:00:00Z,,,2009-12-14T00:00:00Z,,,,-,-,-,-,-,-,2010,2010,2010,2010,2012,-,-,-,-,-,-,-,-,-,-,-,-,-,-,-,-,-,-,-,-,-,-,-,-,-,-,-,-,-,-,-,-,-,-,-,-
5220,Juelsminde,DNK,DMI,Pluvio,Active,24,,55.7102,9.9962,6,2024-11-28T14:46:41Z,2009-12-14T00:00:00Z,,,2009-12-14T00:00:00Z,,,,-,-,-,-,-,-,2009,2009,2009,2009,2012,-,-,-,-,-,-,-,-,-,-,-,-,-,-,-,-,-,-,-,-,-,-,-,-,-,-,-,-,-,-,-,-,-,-,-,-
5225,Hesselballe,DNK,DMI,Pluvio,Active,69,,55.8314,9.5533,6,2024-11-28T14:46:41Z,2009-12-14T00:00:00Z,,,2009-12-14T00:00:00Z,2011-11-02T00:00:00Z,,,-,-,-,-,-,-,2010,2010,2010,2010,2012,-,-,-,-,-,-,-,-,-,-,-,-,-,-,-,-,-,-,-,-,-,-,-,-,-,-,-,-,-,-,-,-,-,-,-,-
5269,Blåhøj Kirkeby,DNK,DMI,Pluvio,Active,52,,55.8528,9.0163,6,2024-11-28T14:46:41Z,2010-04-13T00:00:00Z,,,2010-04-13T00:00:00Z,2011-02-21T00:00:00Z,,,-,-,-,-,-,-,2010,2010,2010,2010,2012,-,-,-,-,-,-,-,-,-,-,-,-,-,-,-,-,-,-,-,-,-,-,-,-,2011,-,-,2011,-,-,2011,-,2011,-,2011,-
5272,Brande,DNK,DMI,Pluvio,Active,48,,55.9654,9.1168,6,2024-11-28T14:46:41Z,2011-10-17T00:00:00Z,,,2011-10-17T00:00:00Z,,,,-,-,-,-,-,-,2011,2011,2011,2011,2012,-,-,-,-,-,-,-,-,-,-,-,-,-,-,-,-,-,-,-,-,-,-,-,-,-,-,-,-,-,-,-,-,-,-,-,-
5276,Voulund Testfelt P,DNK,DMI,Pluvio,Active,67,,56.0372,9.1594,6,2024-11-28T14:46:41Z,2009-04-16T00:00:00Z,2024-07-31T00:00:00Z,,2009-04-16T00:00:00Z,2024-07-31T00:00:00Z,,,-,-,-,-,-,-,2011,2011,2011,2011,2012,-,-,-,-,-,-,-,-,-,-,-,-,-,-,-,-,-,-,-,-,-,-,-,-,-,-,-,-,-,-,-,-,-,-,-,-
5277,Høgild,DNK,DMI,Pluvio,Active,43,,56.0626,8.9854,6,2024-11-28T14:46:41Z,2011-10-17T00:00:00Z,,,2011-10-17T00:00:00Z,,,,-,-,-,-,-,-,2011,2011,2011,2011,2012,-,-,-,-,-,-,-,-,-,-,-,-,-,-,-,-,-,-,-,-,-,-,-,-,-,-,-,-,-,-,-,-,-,-,-,-
5290,Semb,DNK,DMI,Pluvio,Active,,,56.6489,8.5246,6,2024-11-28T14:46:41Z,2009-12-14T00:00:00Z,,,2009-12-14T00:00:00Z,2010-05-04T00:00:00Z,,,-,-,-,-,-,-,2009,2009,2009,2009,2012,-,-,-,-,-,-,-,-,-,-,-,-,-,-,-,-,-,-,-,-,-,-,-,-,-,-,-,-,-,-,-,-,-,-,-,-
5296,Trans,DNK,DMI,Pluvio,Active,15,,56.5032,8.1465,6,2024-11-28T14:46:41Z,2012-06-12T00:00:00Z,,,2012-06-12T00:00:00Z,,,,-,-,-,-,-,-,2012,2012,2012,2012,2012,-,-,-,-,-,-,-,-,-,-,-,-,-,-,-,-,-,-,-,-,-,-,-,-,-,-,-,-,-,-,-,-,-,-,-,-
5300,Øby,DNK,DMI,Pluvio,Active,3,,56.2604,8.1659,6,2024-11-28T14:46:41Z,2009-12-14T00:00:00Z,,,2009-12-14T00:00:00Z,2011-10-28T00:00:00Z,,,-,-,-,-,-,-,2009,2009,2009,2009,2012,-,-,-,-,-,-,-,-,-,-,-,-,-,-,-,-,-,-,-,-,-,-,-,-,-,-,-,-,-,-,-,-,-,-,-,-
5305,Grønbjerg,DNK,DMI,Pluvio,Active,35,,56.1828,8.4716,6,2024-11-28T14:46:41Z,2009-12-14T00:00:00Z,,,2009-12-14T00:00:00Z,2015-07-20T00:00:00Z,,,-,-,-,-,-,-,2010,2010,2010,2010,2012,-,-,-,-,-,-,-,-,-,-,-,-,-,-,-,-,-,-,-,-,-,-,-,-,-,-,-,-,-,-,-,-,-,-,-,-
5320,Skovlund,DNK,DMI,Pluvio,Active,38,,55.7246,8.6933,6,2024-11-28T14:46:41Z,2009-12-09T00:00:00Z,,,2009-12-09T00:00:00Z,2011-02-23T00:00:00Z,,,-,-,-,-,-,-,2010,2010,2010,2010,2012,-,-,-,-,-,-,-,-,-,-,-,-,-,-,-,-,-,-,-,-,-,-,-,-,-,-,-,-,-,-,-,-,-,-,-,-
5329,Outrup,DNK,DMI,Pluvio,Active,,,55.7199,8.3425,6,2024-11-28T14:46:41Z,2010-04-13T00:00:00Z,,,2010-04-13T00:00:00Z,2012-10-25T00:00:00Z,,,-,-,-,-,-,-,2010,2010,2010,2010,2012,-,-,-,-,-,-,-,-,-,-,-,-,-,-,-,-,-,-,-,-,-,-,-,-,-,-,-,-,-,-,-,-,-,-,-,-
5343,Holsted,DNK,DMI,Pluvio,Active,35,,55.4929,8.9036,6,2024-11-28T14:46:41Z,2013-07-24T00:00:00Z,,,2013-07-24T00:00:00Z,,,,-,-,-,-,-,-,2013,2013,2013,2013,2013,-,-,-,-,-,-,-,-,-,-,-,-,-,-,-,-,-,-,-,-,-,-,-,-,-,-,-,-,-,-,-,-,-,-,-,-
5345,Ribe Renseanlæg,DNK,DMI,Pluvio,Active,3,,55.3286,8.7433,6,2024-11-28T14:46:41Z,2009-12-09T00:00:00Z,,,2009-12-09T00:00:00Z,2011-09-27T00:00:00Z,,,-,-,-,-,-,-,2010,2010,2010,2010,2012,-,-,-,-,-,-,-,-,-,-,-,-,-,-,-,-,-,-,-,-,-,-,-,-,-,-,-,-,-,-,-,-,-,-,-,-
5350,Bredebro,DNK,DMI,Pluvio,Active,6,,55.0561,8.8326,6,2024-11-28T14:46:41Z,2009-12-09T00:00:00Z,,,2009-12-09T00:00:00Z,2011-02-23T00:00:00Z,,,-,-,-,-,-,-,2010,2010,2010,2010,2012,-,-,-,-,-,-,-,-,-,-,-,-,-,-,-,-,-,-,-,-,-,-,-,-,-,-,-,-,-,-,-,-,-,-,-,-
5355,Emmerlev Klev,DNK,DMI,Pluvio,Active,8,,54.9872,8.6652,6,2024-11-28T14:46:41Z,2009-12-09T00:00:00Z,,,2009-12-09T00:00:00Z,,,,-,-,-,-,-,-,2010,2010,2010,2010,2012,-,-,-,-,-,-,-,-,-,-,-,-,-,-,-,-,-,-,-,-,-,-,-,-,-,-,-,-,-,-,-,-,-,-,-,-
5365,Kliplev,DNK,DMI,Pluvio,Active,,,54.9377,9.4092,6,2024-11-28T14:46:41Z,2009-12-09T00:00:00Z,,,2009-12-09T00:00:00Z,2011-09-28T00:00:00Z,,,-,-,-,-,-,-,2010,2010,2010,2010,2012,-,-,-,-,-,-,-,-,-,-,-,-,-,-,-,-,-,-,-,-,-,-,-,-,-,-,-,-,-,-,-,-,-,-,-,-
5375,Nørreløkke,DNK,DMI,Pluvio,Active,8,,55.0646,9.6811,6,2024-11-28T14:46:41Z,2009-12-09T00:00:00Z,,,2009-12-09T00:00:00Z,2011-09-28T00:00:00Z,,,-,-,-,-,-,-,2010,2010,2010,2010,2012,-,-,-,-,-,-,-,-,-,-,-,-,-,-,-,-,-,-,-,-,-,-,-,-,-,-,-,-,-,-,-,-,-,-,-,-
5381,Rangstrup,DNK,DMI,Pluvio,Active,52,,55.147,9.2058,6,2024-11-28T14:46:41Z,2010-04-13T00:00:00Z,,,2010-04-13T00:00:00Z,2015-07-21T00:00:00Z,,,-,-,-,-,-,-,2010,2010,2010,2010,2012,-,-,-,-,-,-,-,-,-,-,-,-,-,-,-,-,-,-,-,-,-,-,-,-,-,-,-,-,-,-,-,-,-,-,-,-
5384,Vojens Airport,DNK,DMI,Pluvio,Active,42.5,,55.2217,9.292,,2024-11-28T14:46:41Z,2024-11-05T07:24:53Z,,,2024-10-07T09:03:53Z,,,,-,-,-,-,-,-,2024,2024,2024,2024,2024,-,-,-,-,-,-,-,-,-,-,-,-,-,-,-,-,-,-,-,-,-,-,-,-,-,-,-,-,-,-,-,-,-,-,-,-
5395,Hajstrup,DNK,DMI,Pluvio,Active,23,,55.2555,9.6684,6,2024-11-28T14:46:41Z,2009-12-09T00:00:00Z,,,2009-12-09T00:00:00Z,,,,-,-,-,-,-,-,2010,2010,2010,2010,2012,-,-,-,-,-,-,-,-,-,-,-,-,-,-,-,-,-,-,-,-,-,-,-,-,-,-,-,-,-,-,-,-,-,-,-,-
5400,Båring,DNK,DMI,Pluvio,Active,63,,55.4927,9.8949,6,2024-11-28T14:46:41Z,2009-12-09T00:00:00Z,,,2009-12-09T00:00:00Z,2011-11-04T00:00:00Z,,,-,-,-,-,-,-,2010,2010,2010,2010,2012,-,-,-,-,-,-,-,-,-,-,-,-,-,-,-,-,-,-,-,-,-,-,-,-,-,-,-,-,-,-,-,-,-,-,-,-
5406,Tørresø,DNK,DMI,Pluvio,Active,3,,55.5815,10.393,6,2024-11-28T14:46:41Z,2014-10-28T00:00:00Z,,,2014-10-28T00:00:00Z,,,,-,-,-,-,-,-,2014,2014,2014,2014,2014,-,-,-,-,-,-,-,-,-,-,-,-,-,-,-,-,-,-,-,-,-,-,-,-,-,-,-,-,-,-,-,-,-,-,-,-
5408,H. C. Andersen Airport,DNK,DMI,Pluvio,Active,14,,55.4749,10.3305,6,2024-11-28T14:46:41Z,2018-11-26T00:00:00Z,,,2018-11-26T00:00:00Z,,,,-,-,-,-,-,-,2019,2019,2019,2019,2019,-,-,-,-,-,-,-,-,-,-,-,-,-,-,-,-,-,-,-,-,-,-,-,-,-,-,-,-,-,-,-,-,-,-,-,-
5435,Bøjden,DNK,DMI,Pluvio,Active,23,,55.0977,10.1025,6,2024-11-28T14:46:41Z,2009-12-09T00:00:00Z,,,2009-12-09T00:00:00Z,2011-11-01T00:00:00Z,,,-,-,-,-,-,-,2010,2010,2010,2010,2012,-,-,-,-,-,-,-,-,-,-,-,-,-,-,-,-,-,-,-,-,-,-,-,-,-,-,-,-,-,-,-,-,-,-,-,-
5440,Ulbølle,DNK,DMI,Pluvio,Active,,,55.0741,10.4211,6,2024-11-28T14:46:41Z,2009-12-09T00:00:00Z,,,2009-12-09T00:00:00Z,2011-11-01T00:00:00Z,,,-,-,-,-,-,-,2010,2010,2010,2010,2012,-,-,-,-,-,-,-,-,-,-,-,-,-,-,-,-,-,-,-,-,-,-,-,-,-,-,-,-,-,-,-,-,-,-,-,-
5450,Søndenbro,DNK,DMI,Pluvio,Active,7,,54.7567,10.7094,6,2024-11-28T14:46:41Z,2009-12-09T00:00:00Z,,,2009-12-09T00:00:00Z,,,,-,-,-,-,-,-,2010,2010,2010,2010,2012,-,-,-,-,-,-,-,-,-,-,-,-,-,-,-,-,-,-,-,-,-,-,-,-,-,-,-,-,-,-,-,-,-,-,-,-
5455,Rudkøbing,DNK,DMI,Pluvio,Active,8,,54.9463,10.7234,6,2024-11-28T14:46:41Z,2009-12-09T00:00:00Z,,,2009-12-09T00:00:00Z,,,,-,-,-,-,-,-,2010,2010,2010,2010,2012,-,-,-,-,-,-,-,-,-,-,-,-,-,-,-,-,-,-,-,-,-,-,-,-,-,-,-,-,-,-,-,-,-,-,-,-
5469,Juelsberg,DNK,DMI,Pluvio,Active,8,,55.3041,10.7279,6,2024-11-28T14:46:41Z,2010-04-13T00:00:00Z,,,2010-04-13T00:00:00Z,2015-11-19T00:00:00Z,,,-,-,-,-,-,-,2010,2010,2010,2010,2012,-,-,-,-,-,-,-,-,-,-,-,-,-,-,-,-,-,-,-,-,-,-,-,-,-,-,-,-,-,-,-,-,-,-,-,-
5499,Mulstrup,DNK,DMI,Pluvio,Active,39,,55.4069,11.8623,6,2024-11-28T14:46:41Z,2010-04-13T00:00:00Z,,,2010-04-13T00:00:00Z,2011-06-21T00:00:00Z,,,-,-,-,-,-,-,2010,2010,2010,2010,2012,-,-,-,-,-,-,-,-,-,-,-,-,-,-,-,-,-,-,-,-,-,-,-,-,-,-,-,-,-,-,-,-,-,-,-,-
5505,Tåstrup Huse,DNK,DMI,Pluvio,Active,37,,55.5633,11.709,6,2024-11-28T14:46:41Z,2009-12-08T00:00:00Z,2023-08-16T00:00:00Z,,2009-12-08T00:00:00Z,2023-08-16T00:00:00Z,,,-,-,-,-,-,-,2009,2009,2009,2009,2012,-,-,-,-,-,-,-,-,-,-,-,-,-,-,-,-,-,-,-,-,-,-,-,-,-,-,-,-,-,-,-,-,-,-,-,-
5510,Rye,DNK,DMI,Pluvio,Active,8,,55.5271,11.238,6,2024-11-28T14:46:41Z,2009-12-08T00:00:00Z,,,2009-12-08T00:00:00Z,2011-09-22T00:00:00Z,,,-,-,-,-,-,-,2009,2009,2009,2009,2012,-,-,-,-,-,-,-,-,-,-,-,-,-,-,-,-,-,-,-,-,-,-,-,-,-,-,-,-,-,-,-,-,-,-,-,-
5529,Havnsø,DNK,DMI,Pluvio,Active,,,55.7521,11.3309,6,2024-11-28T14:46:41Z,2010-04-13T00:00:00Z,,,2010-04-13T00:00:00Z,2011-09-22T00:00:00Z,,,-,-,-,-,-,-,2010,2010,2010,2010,2012,-,-,-,-,-,-,-,-,-,-,-,-,-,-,-,-,-,-,-,-,-,-,-,-,-,-,-,-,-,-,-,-,-,-,-,-
5537,Mørkøv Syd,DNK,DMI,Pluvio,Active,35,,55.6366,11.4942,6,2024-11-28T14:46:41Z,2012-03-01T00:00:00Z,,,2012-03-01T00:00:00Z,,,,-,-,-,-,-,-,2012,2012,2012,2012,2012,-,-,-,-,-,-,-,-,-,-,-,-,-,-,-,-,-,-,-,-,-,-,-,-,-,-,-,-,-,-,-,-,-,-,-,-
5545,Kollekolle,DNK,DMI,Pluvio,Active,29,,55.8689,11.6053,6,2024-11-28T14:46:41Z,2009-12-08T00:00:00Z,,,2009-12-08T00:00:00Z,2015-07-22T00:00:00Z,,,-,-,-,-,-,-,2009,2009,2009,2009,2012,-,-,-,-,-,-,-,-,-,-,-,-,-,-,-,-,-,-,-,-,-,-,-,-,-,-,-,-,-,-,-,-,-,-,-,-
5575,Græsted,DNK,DMI,Pluvio,Active,36,,56.0428,12.292,6,2024-11-28T14:46:41Z,2009-12-08T00:00:00Z,,,2009-12-08T00:00:00Z,2011-09-19T00:00:00Z,,,-,-,-,-,-,-,2009,2009,2009,2009,2012,-,-,-,-,-,-,-,-,-,-,-,-,-,-,-,-,-,-,-,-,-,-,-,-,-,-,-,-,-,-,-,-,-,-,-,-
5735,Livgardens Kaserne,DNK,DMI,Pluvio,Active,6,,55.6878,12.5742,6,2024-11-28T14:46:41Z,2010-01-14T00:00:00Z,,,2010-01-14T00:00:00Z,2012-07-24T00:00:00Z,,,-,-,-,-,-,-,2010,2010,2010,2010,2012,-,-,-,-,-,-,-,-,-,-,-,-,-,-,-,-,-,-,-,-,-,-,-,-,-,-,-,-,-,-,-,-,-,-,-,-
5880,Møllebjerggård,DNK,DMI,Pluvio,Active,37,,55.2932,12.4223,6,2024-11-28T14:46:41Z,2009-12-08T00:00:00Z,,,2009-12-08T00:00:00Z,2011-11-11T00:00:00Z,,,-,-,-,-,-,-,2009,2009,2009,2009,2012,-,-,-,-,-,-,-,-,-,-,-,-,-,-,-,-,-,-,-,-,-,-,-,-,-,-,-,-,-,-,-,-,-,-,-,-
5889,Orup,DNK,DMI,Pluvio,Active,38,,55.2075,12.098,6,2024-11-28T14:46:41Z,2010-04-13T00:00:00Z,,,2010-04-13T00:00:00Z,2011-06-21T00:00:00Z,,,-,-,-,-,-,-,2010,2010,2010,2010,2012,-,-,-,-,-,-,-,-,-,-,-,-,-,-,-,-,-,-,-,-,-,-,-,-,-,-,-,-,-,-,-,-,-,-,-,-
5935,Køng,DNK,DMI,Pluvio,Active,4,,55.0983,11.8285,6,2024-11-28T14:46:41Z,2009-12-08T00:00:00Z,,,2009-12-08T00:00:00Z,2011-06-21T00:00:00Z,,,-,-,-,-,-,-,2009,2009,2009,2009,2012,-,-,-,-,-,-,-,-,-,-,-,-,-,-,-,-,-,-,-,-,-,-,-,-,-,-,-,-,-,-,-,-,-,-,-,-
5945,Nørreby,DNK,DMI,Pluvio,Active,13,,54.9798,11.5336,6,2024-11-28T14:46:41Z,2009-12-08T00:00:00Z,,,2009-12-08T00:00:00Z,2012-03-13T00:00:00Z,,,-,-,-,-,-,-,2009,2009,2009,2009,2012,-,-,-,-,-,-,-,-,-,-,-,-,-,-,-,-,-,-,-,-,-,-,-,-,-,-,-,-,-,-,-,-,-,-,-,-
5960,Nakskov,DNK,DMI,Pluvio,Active,,,54.826,11.1541,6,2024-11-28T14:46:41Z,2009-12-08T00:00:00Z,2019-04-23T00:00:00Z,,2009-12-08T00:00:00Z,2011-06-20T00:00:00Z,,,-,-,-,-,-,-,2009,2009,2009,2009,2012,-,-,-,-,-,-,-,-,-,-,-,-,-,-,-,-,-,-,-,-,-,-,-,-,-,-,-,-,-,-,-,-,-,-,-,-
5970,Rødbyhavn,DNK,DMI,Pluvio,Active,2,,54.6573,11.3515,6,2024-11-28T14:46:41Z,2009-12-21T00:00:00Z,,,2009-12-21T00:00:00Z,,,,-,-,-,-,-,-,2010,2010,2010,2010,2012,-,-,-,-,-,-,-,-,-,-,-,-,-,-,-,-,-,-,-,-,-,-,-,-,-,-,-,-,-,-,-,-,-,-,-,-
5981,Bjørup,DNK,DMI,Pluvio,Active,21,,54.7793,11.931,,2024-11-28T14:46:41Z,2023-02-23T00:00:00Z,,,2023-02-22T17:23:13Z,2024-11-14T16:10:19Z,,,-,-,-,-,-,-,2023,2023,2023,2023,2023,-,-,-,-,-,-,-,-,-,-,-,-,-,-,-,-,-,-,-,-,-,-,-,-,-,-,-,-,-,-,-,-,-,-,-,-
5986,Neble,DNK,DMI,Pluvio,Active,,,54.9922,12.4538,6,2024-11-28T14:46:41Z,2010-04-13T00:00:00Z,,,2010-04-13T00:00:00Z,2011-06-20T00:00:00Z,,,-,-,-,-,-,-,2010,2010,2010,2010,2012,-,-,-,-,-,-,-,-,-,-,-,-,-,-,-,-,-,-,-,-,-,-,-,-,-,-,-,-,-,-,-,-,-,-,-,-
5994,Østerlars,DNK,DMI,Pluvio,Active,94,,55.163,14.9683,6,2024-11-28T14:46:41Z,2010-04-13T00:00:00Z,,,2010-04-13T00:00:00Z,,,,-,-,-,-,-,-,2010,2010,2010,2010,2012,-,-,-,-,-,-,-,-,-,-,-,-,-,-,-,-,-,-,-,-,-,-,-,-,-,-,-,-,-,-,-,-,-,-,-,-
6007,Nolsoy,FRO,Havne Kommuner mv,Synop,Active,94.5,95.8,61.958,-6.617,,2024-11-28T14:46:41Z,2022-05-25T00:00:00Z,,,2022-05-25T00:00:00Z,,,,-,-,2022,-,-,-,-,-,-,-,-,-,2022,2022,-,-,-,-,-,-,2022,2022,-,-,-,-,-,-,-,-,-,-,-,-,-,-,-,-,2022,-,-,-,-,-,-,2022,-
6008,Frodba Heliport,FRO,Havne Kommuner mv,Synop,Active,23.47,,61.5437,-6.7745,6,2024-11-28T14:46:41Z,2009-05-18T00:00:00Z,,,2009-05-18T00:00:00Z,2020-12-14T14:16:37Z,6080,6008,2009,2009,2009,2009,-,-,-,-,2017,-,-,-,2009,2009,-,-,-,-,-,-,2009,2009,-,-,-,-,2009,2009,2009,2009,2009,-,-,-,-,-,-,-,2009,2009,2009,2009,-,2009,2009,2009,2009
6009,Sudur,FRO,Havne Kommuner mv,Synop,Active,99,,61.3957,-6.6818,6,2024-11-28T14:46:41Z,1996-03-20T00:00:00Z,,,1996-03-20T00:00:00Z,2024-05-28T07:42:58Z,6080,6009,1961,1961,1961,2007,-,-,-,-,2011,2011,-,2011,1993,1974,-,-,-,-,-,-,1961,1961,-,-,-,-,1961,2007,2007,1961,2007,-,-,-,-,1999,1961,1961,1961,2008,2008,2007,2009,2007,2008,1961,2008
6011,Havn,FRO,Havne Kommuner mv,Synop,Active,54,,62.0232,-6.7644,6,2024-11-28T14:46:41Z,1967-03-19T00:00:00Z,,,1967-03-19T00:00:00Z,2020-08-03T07:46:27Z,6080,6011,1953,1953,1953,2006,-,-,-,-,2006,2006,-,1996,1993,1953,2006,2006,-,-,-,-,1953,1953,-,-,-,-,1953,2006,2006,1953,2006,-,-,-,-,1999,1953,1953,1953,2006,2006,2006,2006,2006,2006,1953,2006
6012,Fugloy,FRO,Havne Kommuner mv,Synop,Active,54,,62.3195,-6.3205,6,2024-11-28T14:46:41Z,1999-05-14T00:00:00Z,,,1999-05-14T00:00:00Z,2024-05-28T07:48:20Z,6080,6012,1999,1999,1999,1999,-,-,-,-,2024,2024,-,2024,1999,1999,-,-,-,-,-,-,1999,1999,-,-,-,-,1999,1999,1999,1999,1999,-,-,-,-,1999,1999,1999,1999,1999,2004,2004,1999,1999,1999,1999,1999
6013,Klaksvik Heliport,FRO,Havne Kommuner mv,Synop,Active,80.162,,62.2178,-6.5766,6,2024-11-28T14:46:41Z,2009-05-18T00:00:00Z,,,2009-05-18T00:00:00Z,2020-12-14T14:18:31Z,6080,6013,2009,2009,2009,2009,-,-,-,-,-,-,-,-,2009,2009,-,-,-,-,-,-,2009,2009,-,-,-,-,2009,2009,2009,2009,2009,-,-,-,-,-,-,-,2009,2009,2009,2009,-,2009,2009,2009,2009
6014,Eidi,FRO,Havne Kommuner mv,Synop,Active,176.4,174,62.2995,-7.074,,2024-11-28T14:46:41Z,2022-05-25T00:00:00Z,,,2022-05-25T00:00:00Z,2024-05-28T07:51:28Z,,,-,-,2023,2024,-,-,-,-,2024,2024,-,2024,2023,2023,-,-,-,-,-,-,2023,2023,-,-,-,-,-,-,2024,-,-,-,-,-,-,-,-,-,2024,-,-,-,-,-,-,2024,-
6018,Harald B,,,,,,,,,,,,,,,,,,-,2020,-,-,-,-,-,-,-,-,-,-,2012,-,-,-,-,-,-,-,2012,2012,-,-,-,-,-,-,-,-,-,-,-,-,-,-,2014,2016,2014,-,-,-,-,-,-,2014,-
6019,Silstrup,DNK,DMI,Synop,Active,42,,56.93,8.6412,6,2024-11-28T14:46:41Z,2002-03-22T00:00:00Z,,,2002-03-22T00:00:00Z,,6080,6019,-,-,1987,2002,2002,1987,2002,1987,2002,1987,2017,-,2023,2023,2002,1987,-,-,2002,2002,2002,1987,1987,1988,1988,1988,2002,1987,1987,2002,1987,1987,1988,1988,1988,2023,2023,2023,1987,1987,2003,2003,1987,2002,2002,1987,1987
6023,Gorm C,,,,,,,,,,,,,,,,,,1982,1982,1982,-,-,-,-,-,-,-,-,-,2012,1982,-,-,-,-,-,-,1982,1982,-,-,-,-,1982,-,-,-,-,-,-,-,-,-,1982,1982,1982,-,-,-,-,-,-,1982,-
6030,Flyvestation Ålborg,DNK,Forsvaret,Synop,Active,3,,57.0963,9.8505,6,2024-11-28T14:46:41Z,1953-01-01T00:00:00Z,,,1953-01-01T00:00:00Z,2019-01-15T13:34:48Z,6080,6030,1953,1953,1953,2003,-,-,2003,2003,2003,2003,2015,-,1993,1953,-,-,-,-,-,-,1953,1953,2003,2003,2003,2003,1953,2003,2003,1953,2003,-,-,-,-,2003,1953,1953,1953,2003,2003,2003,2003,2003,2003,1953,2003
6031,Tylstrup,DNK,Synop - Århus Uni,Synop,Active,13,,57.1852,9.9527,6,2024-11-28T14:46:41Z,2002-03-21T00:00:00Z,,,2002-03-21T00:00:00Z,2023-12-14T08:11:58Z,6080,6031,-,-,1987,2002,2002,1987,2002,1987,2002,1987,2015,-,2024,2024,2002,1987,-,-,2002,2002,2002,1987,1987,1988,1988,1988,2002,1987,1987,2002,1987,1987,1988,1988,1988,-,-,-,1987,1987,2003,2003,1987,2002,2002,1987,1987
6032,Stenhøj,DNK,DMI,Synop,Active,54.69,,57.3828,10.3349,6,2024-11-28T14:46:41Z,2003-11-12T00:00:00Z,,,2003-11-12T00:00:00Z,2019-01-15T13:34:48Z,6080,6032,-,-,2003,2003,2023,2023,-,-,-,-,-,-,2003,2003,-,-,-,-,-,-,2003,2003,-,-,-,-,2003,2003,2003,2003,2003,-,-,-,-,-,-,2016,2003,2003,2003,2003,2003,2003,2003,2003,2003
6034,Sindal Lufthavn,,,,,,,,,,,,,,,,,,1982,1982,1982,-,-,-,-,-,-,-,-,-,1993,1982,-,-,-,-,-,-,1982,1982,-,-,-,-,1986,-,-,1986,-,-,-,-,-,-,1982,1982,1982,-,-,-,-,-,-,1982,-
6041,Skagen Fyr,DNK,DMI,Synop,Active,3.2,,57.7363,10.6318,6,2024-11-28T14:46:41Z,1953-01-01T00:00:00Z,,,1953-01-01T00:00:00Z,2000-12-14T00:00:00Z,6080,6041,1953,1953,1953,2000,2023,2023,2000,2000,2000,2000,2023,-,1993,1953,2000,2000,-,-,2001,2001,1953,1953,-,-,-,-,1953,2000,2000,1953,2000,-,-,-,-,2000,1953,1953,1953,2000,2003,2003,2000,2000,2000,1953,2000
6043,Frederikshavn,,,,,,,,,,,,,,,,,,1977,1977,1989,-,-,-,-,-,-,-,-,-,1993,1989,-,-,-,-,-,-,1977,1989,-,-,-,-,1989,-,-,1989,-,-,-,-,-,-,1977,1977,1977,-,-,-,-,-,-,1977,-
6049,Hald Vest,DNK,DMI,Synop,Active,87.59,,56.5604,10.0929,6,2024-11-28T14:46:41Z,1999-11-19T00:00:00Z,,,1999-11-19T00:00:00Z,2019-01-15T13:34:47Z,6080,6049,1999,1999,1987,1999,2024,1988,-,1988,-,1987,-,-,1999,1999,2024,1986,-,-,2024,-,1999,1986,-,-,-,-,1999,1986,1986,1999,1986,-,-,-,-,1999,1999,1999,1986,1986,2003,2003,1986,1999,1999,1986,1986
6051,Vestervig,DNK,DMI,Synop,Active,18,,56.7637,8.3207,6,2024-11-28T14:46:41Z,2003-09-11T00:00:00Z,,,2003-09-11T00:00:00Z,,6080,6051,-,-,2000,2003,-,-,2010,2010,2010,2010,2020,-,2022,-,-,-,-,-,-,-,2003,2000,-,-,-,-,2003,2000,2000,2003,2000,-,-,-,-,-,-,-,-,-,-,-,-,-,-,-,-
6052,Thyborøn,DNK,DMI,Synop,Active,,,56.705,8.2206,6,2024-11-28T14:46:41Z,1961-01-01T00:00:00Z,,,1961-01-01T00:00:00Z,1985-02-07T00:00:00Z,6080,6052,1961,1961,1962,2000,-,-,2000,2000,2000,2000,2015,-,1993,1962,-,-,-,-,-,-,1962,1961,-,-,-,-,1961,2000,2000,1961,2000,-,-,-,-,2000,1961,1961,1961,2000,2003,2003,2000,2000,2000,1961,2000
6056,Mejrup,DNK,DMI,Synop,Active,53,,56.383,8.6705,6,2024-11-28T14:46:41Z,2002-06-11T00:00:00Z,,,2002-06-11T00:00:00Z,2019-01-15T13:34:47Z,6080,6056,-,-,1987,2002,2002,2000,-,1988,-,-,-,-,2002,2002,2002,1998,-,-,2002,2002,2002,1986,2000,2000,2000,2000,2002,1986,1986,2002,1986,2000,2000,2000,2000,-,-,2010,1986,1986,2003,2003,1986,2002,2002,1986,1986
6058,Hvide Sande,DNK,DMI,Synop,Active,,,56.0005,8.1293,6,2024-11-28T14:46:41Z,1989-01-01T00:00:00Z,,,1989-01-01T00:00:00Z,2001-11-07T00:00:00Z,6080,6058,1989,1989,1989,2001,2024,2024,2001,2001,2001,2001,2024,-,1993,1989,2006,2006,-,-,2006,2006,1989,1989,2024,-,-,-,1989,2001,2001,1989,2001,-,-,-,-,2001,1989,1989,1989,2001,2003,2003,2001,2001,2001,1989,2001
6060,Flyvestation Karup,DNK,Forsvaret,Synop,Active,52,,56.2935,9.1138,6,2024-11-28T14:46:41Z,1953-01-01T00:00:00Z,,,1953-01-01T00:00:00Z,2019-01-15T13:34:48Z,6080,6060,1953,1953,1953,2003,-,-,2003,2003,2003,2003,2013,-,1993,1953,-,-,-,-,-,-,1953,1953,2003,2003,2003,2003,1953,2003,2003,1953,2003,-,-,-,-,2003,1953,1953,1953,2003,2003,2003,2003,2003,2003,1953,2003
6065,Års Syd,DNK,DMI,Synop,Active,,,56.6928,9.482,6,2024-11-28T14:46:41Z,1961-01-01T00:00:00Z,,,1961-01-01T00:00:00Z,1976-09-01T00:00:00Z,6080,6065,1961,1961,1961,2002,2002,2002,2002,2002,2002,2002,2015,-,2002,1974,2002,2002,-,-,2002,2002,1961,1961,2003,2003,2003,2003,1961,2002,2002,1961,2002,2003,2003,2003,2003,-,1961,1961,1961,2002,2003,2003,2002,2002,2002,1961,2002
6068,Isenvad,DNK,DMI,Synop,Active,60.35,,56.0939,9.1811,6,2024-11-28T14:46:41Z,2002-10-10T00:00:00Z,,,2002-10-10T00:00:00Z,2019-01-15T13:34:48Z,6080,6068,-,-,2002,2002,2023,2023,2009,2009,2009,2009,2023,-,2002,2002,2002,2002,-,-,2002,2002,2002,2002,-,-,-,-,2002,2002,2002,2002,2002,-,-,-,-,-,-,2006,2002,2002,2003,2003,2002,2002,2002,2002,2002
6069,Foulum,DNK,Synop - Århus Uni,Synop,Active,53.4,,56.4931,9.5709,6,2024-11-28T14:46:41Z,1984-09-04T00:00:00Z,,,1984-09-04T00:00:00Z,2019-01-15T13:34:47Z,6080,6069,1984,1984,1984,1999,1999,1999,1999,1999,1999,1999,-,-,1999,1984,1999,1999,-,-,1999,1999,1984,1984,1999,1999,1999,1999,1984,1999,1999,1984,1999,1999,1999,1999,1999,-,1985,1985,1984,1999,2003,2003,1999,1999,1999,1984,1999
6070,Århus Lufthavn,DNK,Havne Kommuner mv,Synop,Active,20,,56.3083,10.6254,6,2024-11-28T14:46:41Z,1998-05-20T00:00:00Z,,,1998-05-20T00:00:00Z,2019-01-15T13:34:47Z,6080,6070,1959,1959,1959,2003,-,-,2003,2003,2003,2003,2012,-,1977,1959,-,-,-,-,-,-,1959,1959,2003,2003,2003,2003,1959,2003,2003,1959,2003,-,-,-,-,1999,1959,1959,1959,2003,2003,2003,2003,2003,2003,1959,2003
6071,Fornæs Fyr,,,,,,,,,,,,,,,,,,1953,1953,1953,-,-,-,-,-,-,-,-,-,1993,1953,-,-,-,-,-,-,1953,1953,-,-,-,-,1953,-,-,1953,-,-,-,-,-,-,1953,1953,1953,-,-,-,-,-,-,1953,-
6072,Ødum,DNK,DMI,Synop,Active,60.33,,56.3027,10.1272,6,2024-11-28T14:46:41Z,2001-05-28T00:00:00Z,,,2001-05-28T00:00:00Z,2019-01-15T13:34:47Z,6080,6072,-,-,1987,2001,2001,1988,2001,1988,2001,1987,2024,-,2001,2001,2001,1987,-,-,2001,2001,2001,1987,1989,1989,1989,1989,2001,1987,1987,2001,1987,1988,1989,1989,1989,-,-,2002,1987,1987,2003,2003,1987,2001,2001,1987,1987
6073,Sletterhage Fyr,DNK,DMI,Synop,Active,4.27,,56.0954,10.5134,6,2024-11-28T14:46:41Z,1977-07-01T00:00:00Z,,,1977-07-01T00:00:00Z,1985-05-01T00:00:00Z,6080,6073,1977,1977,1979,2001,2024,2024,-,-,-,-,-,-,2001,1977,-,-,-,-,-,-,1977,1979,-,-,-,-,2001,2001,2001,2001,2001,-,-,-,-,-,1977,1977,1977,2001,2003,2003,2001,2001,2001,1977,2001
6074,Århus Syd,DNK,DMI,Synop,Active,,,56.1945,10.1703,6,2024-11-28T14:46:41Z,1976-06-14T00:00:00Z,,,1976-06-14T00:00:00Z,1987-09-21T00:00:00Z,6080,6074,1976,1976,1976,2001,-,-,2001,2001,2001,2001,-,-,2001,1976,-,-,-,-,-,-,1976,1976,-,-,-,-,1976,2001,2001,1976,2001,-,-,-,-,2001,1976,1976,1976,2001,2003,2003,2001,2001,2001,1976,2001
6079,Anholt Havn,DNK,DMI,Synop,Active,,,56.736,11.6511,6,2024-11-28T14:46:41Z,1961-01-01T00:00:00Z,,,1961-01-01T00:00:00Z,1965-11-01T00:00:00Z,6080,6079,1961,1961,1961,1999,2024,2024,1999,1999,1999,1999,2019,-,1993,1961,2004,2004,-,-,2004,2004,1961,1961,-,-,-,-,1961,1999,1999,1961,1999,-,-,-,-,1999,1961,1961,1961,1999,2003,2003,1999,1999,1999,1961,1999
6080,Esbjerg Lufthavn,DNK,Havne Kommuner mv,Synop,Active,25,,55.5281,8.5626,6,2024-11-28T14:46:41Z,1984-10-01T00:00:00Z,,,1984-10-01T00:00:00Z,2019-01-15T13:34:48Z,6080,6080,1959,1959,1959,2003,2015,-,2003,2003,2003,2003,-,-,1993,1959,-,-,-,-,-,-,1959,1959,2015,-,-,-,1959,2003,2003,1960,2003,-,-,-,-,1999,1959,1959,1959,2003,2003,2003,2003,2003,2003,1959,2003
6081,Blåvandshuk Fyr,DNK,DMI,Synop,Active,13,,55.5576,8.083,6,2024-11-28T14:46:41Z,1953-01-01T00:00:00Z,,,1953-01-01T00:00:00Z,1971-02-01T00:00:00Z,6080,6081,1953,1953,1953,2000,2024,2024,2000,2000,2000,2000,-,-,1993,1953,-,-,-,-,2024,-,1953,1953,-,-,-,-,1953,2000,2000,1953,2000,-,-,-,-,-,1953,1953,1953,2000,2003,2003,2000,2000,2000,1953,2000
6082,Borris,DNK,DMI,Synop,Active,25,,55.9591,8.6242,6,2024-11-28T14:46:41Z,2002-04-17T00:00:00Z,,,2002-04-17T00:00:00Z,2024-01-05T10:37:04Z,6080,6082,2006,-,1987,2002,2002,1987,2002,1987,2002,1987,2024,-,2024,2024,2002,1987,-,-,2002,2002,2002,1987,1987,1988,1988,1988,2002,1987,1987,2002,1987,1987,1988,1988,1988,-,-,2024,1987,1987,2003,2003,1987,2002,2002,1987,1987
6088,Nordby,DNK,DMI,Synop,Active,4,,55.4483,8.4003,6,2024-11-28T14:46:41Z,2003-07-23T00:00:00Z,,,2003-07-23T00:00:00Z,2007-07-05T00:00:00Z,6080,6088,2007,2007,2000,2003,-,-,2009,2009,2009,2009,2020,-,-,-,-,-,-,-,-,-,2003,2000,-,-,-,-,2003,2000,2000,2003,2000,2011,2011,2011,2011,-,-,-,2007,2023,2023,2023,2005,2023,2023,2007,2023
6089,Sædenstrand Fyr,,,,,,,,,,,,,,,,,,1968,1968,1968,-,-,-,-,-,-,-,-,-,-,1968,-,-,-,-,-,-,1968,1968,-,-,-,-,1968,-,-,1968,-,-,-,-,-,-,1968,1968,1968,-,-,-,-,-,-,1968,-
6093,Vester Vedsted,DNK,DMI,Synop,Active,3,,55.2908,8.6551,6,2024-11-28T14:46:41Z,2003-12-11T00:00:00Z,2024-06-27T00:00:00Z,,2003-12-11T00:00:00Z,2019-01-15T13:34:47Z,6080,6093,-,-,1987,2003,-,1997,-,1998,-,-,-,-,2003,2003,-,1986,-,-,-,-,2003,1986,-,-,-,-,2003,1986,1986,2003,1986,-,-,1997,-,-,-,-,1986,1986,2003,2003,1986,2003,2003,1986,1986
6096,Rømø/Juvre,DNK,DMI,Synop,Active,6,,55.1908,8.56,6,2024-11-28T14:46:41Z,1982-05-02T00:00:00Z,,,1982-05-02T00:00:00Z,2000-04-07T00:00:00Z,6080,6096,1982,1982,1982,2000,2024,2024,-,-,-,-,-,-,1993,1982,2004,2004,-,-,2004,2004,1982,1982,-,-,-,-,1982,2000,2000,1982,2000,-,-,-,-,1999,1983,1983,1982,2000,2003,2003,2000,2000,2000,1982,2000
6102,Horsens/Bygholm,DNK,DMI,Synop,Active,22.09,,55.868,9.7872,6,2024-11-28T14:46:41Z,2001-05-28T00:00:00Z,,,2001-05-28T00:00:00Z,2019-01-15T13:34:47Z,6080,6102,-,-,1998,2001,2001,1998,2001,1998,2001,1998,2024,-,2001,2001,2001,1998,-,-,2001,2001,2001,1998,1998,1998,1998,1998,2001,1998,1998,2001,1998,1998,1998,1998,1998,-,-,2001,1998,1998,2003,2003,1998,2001,2001,1998,1998
6104,Billund Lufthavn,DNK,Havne Kommuner mv,Synop,Active,75,,55.7379,9.1674,6,2024-11-28T14:46:41Z,1973-05-11T00:00:00Z,,,1973-05-11T00:00:00Z,2019-01-15T13:34:48Z,6080,6104,1968,1968,1968,2003,-,-,2003,2003,2003,2003,2014,-,1993,1971,-,-,-,-,-,-,1968,1968,2003,2003,2003,2003,1971,2003,2003,1971,2003,-,-,-,-,2003,1968,1968,1968,2003,2003,2003,2003,2003,2003,1968,2003
6108,Kolding Lufthavn,DNK,Havne Kommuner mv,Synop,Active,43.5,,55.4376,9.3338,6,2024-11-28T14:46:41Z,1990-01-01T00:00:00Z,,,1990-01-01T00:00:00Z,2019-01-15T13:34:48Z,6080,6108,1990,1990,1990,2005,-,-,-,-,-,-,-,-,1993,1990,-,-,-,-,-,-,1990,1990,-,-,-,-,1990,2005,2005,1990,2005,-,-,-,-,-,1990,1990,1990,2005,2005,2005,2005,2005,-,1990,2005
6109,Askov,DNK,Synop - Århus Uni,Synop,Active,62,,55.4715,9.1124,6,2024-11-28T14:46:41Z,2002-04-24T00:00:00Z,,,2002-04-24T00:00:00Z,2024-02-06T08:28:29Z,6080,6109,-,-,1987,2002,2002,1987,2002,1987,2002,1987,2024,-,2024,2024,2002,1987,-,-,2002,2002,2002,1987,1987,1988,1988,1988,2002,1987,1987,2002,1987,1987,1988,1988,1988,-,-,2024,1987,1987,2003,2003,1987,2002,2002,1987,1987
6110,Flyvestation Skrydstrup,DNK,Forsvaret,Synop,Active,41,,55.2251,9.2634,6,2024-11-28T14:46:41Z,1985-01-16T00:00:00Z,,,1985-01-16T00:00:00Z,2019-01-15T13:34:47Z,6080,6110,1953,1953,1953,2003,-,-,2003,2003,2003,2003,-,-,1993,1953,-,-,-,-,-,-,1953,1953,2003,2003,2003,2003,1953,2003,2003,1953,2003,-,-,-,-,2002,1953,1953,1953,2003,2003,2003,2003,2003,2003,1953,2003
6111,Bågø Fyr,,,,,,,,,,,,,,,,,,1961,1961,1961,-,-,-,-,-,-,-,-,-,-,1975,-,-,-,-,-,-,1961,1961,-,-,-,-,1961,-,-,1961,-,-,-,-,-,-,1961,1961,1961,-,-,-,-,-,-,1961,-
6116,Store Jyndevad,DNK,DMI,Synop,Active,15.3,,54.8987,9.123,6,2024-11-28T14:46:41Z,1984-09-05T00:00:00Z,,,1984-09-05T00:00:00Z,1988-06-24T00:00:00Z,6080,6116,-,-,1987,2001,2001,1988,2001,1988,2001,1987,2013,-,2001,2001,2001,1986,-,-,2002,2002,2001,1986,1989,1989,1989,1989,2001,1986,1986,2001,1986,1988,1989,1989,1989,-,-,2003,1986,1986,2003,2003,1986,2001,2001,1986,1986
6118,Sønderborg Lufthavn,DNK,Havne Kommuner mv,Synop,Active,7.32,,54.9616,9.793,6,2024-11-28T14:46:41Z,2000-06-30T00:00:00Z,,,2000-06-30T00:00:00Z,2019-01-15T13:34:47Z,6080,6118,2007,2007,2003,2003,-,-,-,-,-,-,-,-,2003,2003,-,-,-,-,-,-,2003,2003,-,-,-,-,2003,2003,2003,2003,2003,-,-,-,-,2003,2003,2005,2003,2003,2003,2003,2003,2003,2003,2003,2003
6119,Kegnæs Fyr,DNK,DMI,Synop,Active,17.05,,54.8529,9.988,6,2024-11-28T14:46:41Z,1961-01-01T00:00:00Z,,,1961-01-01T00:00:00Z,2002-08-23T00:00:00Z,6080,6119,1961,1961,1961,2002,2002,2002,2002,2002,2002,2002,2014,-,1993,1961,2002,2002,-,-,2002,2002,1961,1961,2002,2002,2002,2002,1961,2002,2002,1961,2002,2002,2002,2002,2002,2002,1961,1961,1961,2002,2003,2003,2002,2002,2002,1961,2002
6120,H. C. Andersen Airport,DNK,Havne Kommuner mv,Synop,Active,15,,55.4735,10.3297,6,2024-11-28T14:46:41Z,1959-01-01T00:00:00Z,,,1959-01-01T00:00:00Z,1975-07-01T00:00:00Z,6080,6120,1959,1959,1959,2003,-,-,2003,2003,2003,2003,-,-,1993,1959,-,-,-,-,-,-,1959,1959,2003,2003,2003,2003,1959,2003,2003,1959,2003,-,-,-,-,1999,1959,1959,1959,2003,2003,2003,2003,2003,2003,1959,2003
6123,Assens/Torø,DNK,DMI,Synop,Active,,,55.3106,9.8928,6,2024-11-28T14:46:41Z,1953-01-01T00:00:00Z,,,1953-01-01T00:00:00Z,1988-11-21T00:00:00Z,6080,6123,-,-,2001,2001,2001,2001,2001,2001,2001,2001,-,-,2001,2001,2001,2001,-,-,2001,2001,2001,2001,2001,2001,2001,2001,2001,2001,2001,2001,2001,2001,2001,2001,2001,2001,2001,2001,2001,2001,2003,2003,2001,2001,2001,2001,2001
6124,Elvira Madigan Airport,DNK,DMI,Synop,Active,6,,55.0142,10.5686,6,2024-11-28T14:46:41Z,1981-05-12T00:00:00Z,,,1981-05-12T00:00:00Z,1996-11-08T00:00:00Z,6080,6124,1981,1981,1981,2003,2024,2024,-,-,-,-,-,-,1994,1981,2024,-,-,-,-,-,1981,1981,-,-,-,-,1996,2003,2003,1981,2003,-,-,-,-,1999,1981,1981,1981,2003,2003,2003,2003,2003,2003,1981,2003
6126,Årslev,DNK,DMI,Synop,Active,49.2,,55.3088,10.4398,6,2024-11-28T14:46:41Z,2001-06-14T00:00:00Z,,,2001-06-14T00:00:00Z,2019-01-15T13:34:47Z,6080,6126,-,-,1986,2001,2001,1988,2001,1988,2001,1988,2024,-,2001,2001,2001,1986,-,-,2001,2001,2001,1986,1986,1989,1989,1989,2001,1986,1986,2001,1986,1986,1989,1989,1989,-,-,2007,1986,1986,2003,2003,1986,2001,2001,1986,1986
6132,Tranebjerg Øst,DNK,DMI,Synop,Active,16,,55.8315,10.6217,6,2024-11-28T14:46:41Z,2003-08-20T00:00:00Z,,,2003-08-20T00:00:00Z,,6080,6132,-,-,2000,2003,2024,2024,2024,-,2024,2024,2024,-,2024,2024,2003,2003,-,-,2003,2003,2003,2000,-,-,-,-,2003,2000,2000,2003,2000,-,-,-,-,-,-,-,2024,2024,2024,2024,2024,2024,2024,2024,2024
6135,Flakkebjerg,DNK,DMI,Synop,Active,32.5,,55.3224,11.3879,6,2024-11-28T14:46:41Z,2001-06-06T00:00:00Z,,,2001-06-06T00:00:00Z,2019-01-15T13:34:48Z,6080,6135,2005,2005,1987,2001,2001,1988,2001,1988,2001,1987,-,-,2001,2001,2001,1987,-,-,2001,2001,2001,1987,1989,1989,1989,1989,2001,1987,1987,2001,1987,1988,1989,1989,1989,2005,2005,2001,1987,1987,2003,2003,1987,2001,2001,1987,1987
6136,Tystofte,DNK,DMI,Synop,Active,12,,55.2465,11.3285,6,2024-11-28T14:46:41Z,2002-04-11T00:00:00Z,,,2002-04-11T00:00:00Z,,6080,6136,-,-,1987,2002,2002,1987,2002,1987,2002,1987,2015,-,-,-,2002,1987,-,-,2002,2002,2002,1987,1987,1988,1988,1988,2002,1987,1987,2002,1987,1987,1988,1988,1988,-,-,-,1987,1987,2003,2003,1987,2002,2002,1987,1987
6138,Langø,DNK,DMI,Synop,Active,2.01,,54.8205,10.9939,6,2024-11-28T14:46:41Z,2000-05-23T00:00:00Z,,,2000-05-23T00:00:00Z,2019-01-15T13:34:48Z,6080,6138,-,-,2000,2000,2024,2024,2019,2019,2019,2019,2019,-,2000,2000,-,-,-,-,-,-,2000,2000,-,-,-,-,2000,2000,2000,2000,2000,-,-,-,-,-,-,2023,2000,2000,2003,2003,2000,2000,2000,2000,2000
6141,Abed,DNK,DMI,Synop,Active,7,,54.8275,11.3292,6,2024-11-28T14:46:41Z,1999-08-31T00:00:00Z,,,1999-08-31T00:00:00Z,2019-01-15T13:34:47Z,6080,6141,1999,1999,1987,1999,1999,1990,1999,1988,1999,1987,2024,-,1999,1999,1999,1986,-,-,1999,2000,1999,1986,1999,1999,1999,1999,1999,1986,1986,1999,1986,1999,1999,1999,1999,1999,1999,1999,1986,1986,2003,2003,1986,1999,1999,1986,1986
6147,Vindebæk Kyst,DNK,DMI,Synop,Active,,,54.4536,12.1791,6,2024-11-28T14:46:41Z,1961-01-01T00:00:00Z,,,1961-01-01T00:00:00Z,1976-04-01T00:00:00Z,6080,6147,1961,1961,1973,2006,2024,2024,2006,2006,2006,2006,2024,-,2006,1968,-,-,-,-,-,-,1968,1961,-,-,-,-,1983,2006,2006,1985,2006,-,-,-,-,2006,1961,1961,1961,2006,2006,2006,2006,2006,2006,1961,2006
6149,Gedser,DNK,DMI,Synop,Active,,,54.5639,11.964,6,2024-11-28T14:46:41Z,1959-01-01T00:00:00Z,,,1959-01-01T00:00:00Z,1968-07-06T00:00:00Z,6080,6149,1959,1959,1959,2003,2024,2024,2003,2003,2003,2003,2024,-,1993,1959,2003,2003,-,-,2003,2003,1959,1959,-,-,-,-,1959,2003,2003,1959,2003,-,-,-,-,-,1959,1959,1959,2003,2003,2003,2003,2003,2003,1959,2003
6151,Omø Fyr,DNK,DMI,Synop,Active,1.5,,55.1598,11.1339,6,2024-11-28T14:46:41Z,1961-01-01T00:00:00Z,,,1961-01-01T00:00:00Z,1993-01-19T00:00:00Z,6080,6151,1961,1961,1967,2000,2024,2024,-,-,-,-,-,-,1993,1974,-,-,-,-,-,-,1967,1961,-,-,-,-,1961,2000,2000,1961,2000,-,-,-,-,-,1961,1961,1961,2000,2003,2003,2000,2000,2000,1961,2000
6154,Brandelev,DNK,DMI,Synop,Active,44.52,,55.2075,11.8605,6,2024-11-28T14:46:41Z,2004-01-21T00:00:00Z,,,2004-01-21T00:00:00Z,2019-01-15T13:34:47Z,6080,6154,2004,2004,2004,2004,2024,2024,2004,2004,2004,2004,2024,-,2004,2004,2024,-,-,-,2024,-,2004,2004,-,-,-,-,2004,2004,2004,2004,2004,-,-,-,-,2004,2004,2004,2004,2004,2004,2004,2004,2004,2004,2004,2004
6156,Holbæk Flyveplads,DNK,DMI,Synop,Active,,,55.7154,11.7088,6,2024-11-28T14:46:41Z,1967-01-01T00:00:00Z,,,1967-01-01T00:00:00Z,1997-07-12T00:00:00Z,6080,6156,1967,1967,1967,1999,1999,1999,1999,1999,1999,1999,2024,-,1999,1970,1999,1999,-,-,1999,1999,1967,1967,2000,2000,2000,2000,1967,1999,1999,1967,1999,1999,1999,2000,1999,1999,1967,1967,1967,1999,2003,2003,1999,1999,1999,1967,1999
6159,Røsnæs Fyr,DNK,DMI,Synop,Active,14.16,,55.7436,10.8691,6,2024-11-28T14:46:41Z,1959-01-01T00:00:00Z,,,1959-01-01T00:00:00Z,2001-11-15T00:00:00Z,6080,6159,1959,1959,1959,2001,-,-,2001,2001,2001,2001,2016,-,1993,1959,-,-,-,-,-,-,1959,1959,-,-,-,-,1959,2001,2001,1959,2001,-,-,-,-,2001,1959,1959,1959,2001,2003,2003,2001,2001,2001,1959,2001
6168,Nakkehoved Fyr,DNK,DMI,Synop,Active,37,,56.1193,12.3429,6,2024-11-28T14:46:41Z,1982-01-15T00:00:00Z,,,1982-01-15T00:00:00Z,2001-01-18T00:00:00Z,6080,6168,1982,1982,1982,1999,-,-,-,-,-,-,-,-,1998,1982,-,-,-,-,-,-,1982,1982,-,-,-,-,1986,1999,1999,1983,1999,-,-,-,-,-,1982,1982,1982,1999,2003,2003,1999,1999,1999,1982,1999
6169,Gniben,DNK,DMI,Synop,Active,14.39,,56.0067,11.2805,6,2024-11-28T14:46:41Z,1961-01-01T00:00:00Z,,,1961-01-01T00:00:00Z,1974-08-01T00:00:00Z,6080,6169,1961,1961,1961,2002,2024,2024,2002,2002,2002,2002,2024,-,1993,1961,-,-,-,-,-,-,1961,1961,-,-,-,-,1961,2002,2002,1961,2002,-,-,-,-,2002,1961,1961,1961,2002,2003,2003,2002,2002,2002,1961,2002
6170,Roskilde Lufthavn,DNK,Danske lufthavne,Synop,Active,42,,55.5867,12.1366,6,2024-11-28T14:46:41Z,1973-04-01T00:00:00Z,,,1973-04-01T00:00:00Z,2019-01-15T13:34:47Z,6080,6170,1973,1973,1973,2003,-,-,2003,2003,2003,2003,2016,-,1993,1973,-,-,-,-,-,-,1973,1973,2003,2003,2003,2003,1973,2003,2003,1973,2003,-,-,-,-,2003,1973,1973,1973,2003,2003,2003,2003,2003,2003,1973,2003
6174,Tessebølle,DNK,DMI,Synop,Active,,,55.4634,12.1913,6,2024-11-28T14:46:41Z,1953-01-01T00:00:00Z,,,1953-01-01T00:00:00Z,1982-01-01T00:00:00Z,6080,6174,-,-,2002,2002,2003,2003,2002,2002,2002,2002,2024,-,2002,2002,2002,2002,-,-,2002,2002,2002,2002,2003,2003,2003,2003,2002,2002,2002,2002,2002,2003,2003,2003,2003,2002,2002,2002,2002,2002,2003,2003,2002,2002,2002,2002,2002
6180,Københavns Lufthavn,DNK,Danske lufthavne,Synop,Active,5,,55.614,12.6455,6,2024-11-28T14:46:41Z,1983-06-16T00:00:00Z,,,1983-06-16T00:00:00Z,2019-01-15T13:34:48Z,6080,6180,1953,1953,1953,2003,-,-,2003,2003,2003,2003,2012,-,1993,1953,-,-,-,-,-,-,1953,1953,2003,2003,2003,2003,1953,2003,2003,1953,2003,-,-,-,-,2003,1953,1953,1953,2003,2003,2003,2003,2003,2003,1953,2003
6181,Jægersborg,DNK,DMI,Synop,Active,40,,55.7664,12.5263,6,2024-11-28T14:46:41Z,1994-02-10T00:00:00Z,,,1994-02-10T00:00:00Z,2019-01-15T13:34:47Z,6080,6181,1994,1994,1994,2001,-,-,-,-,-,-,-,-,1994,1994,-,-,-,-,-,-,1994,1994,-,-,-,-,1994,2001,2001,1994,2001,-,-,-,-,1999,1994,1994,1994,2001,2003,2003,2001,2001,2001,1994,2001
6183,Drogden Fyr,,,,,,,,,,,,,,,,,,1961,1961,1966,2003,2023,2023,-,-,-,-,-,-,2003,1971,-,-,-,-,2024,-,1966,1962,-,-,-,-,1982,2003,2003,1971,2003,-,-,-,-,2003,1961,1961,1961,2003,2003,2003,2003,2003,2003,1961,2003
6186,Landbohøjskolen,DNK,DMI,Synop,Active,,,55.6814,12.5403,6,2024-11-28T14:46:41Z,1964-02-01T00:00:00Z,,,1964-02-01T00:00:00Z,1997-06-13T00:00:00Z,6080,6186,1997,-,1995,2003,-,-,-,-,-,-,-,-,-,-,-,-,-,-,-,-,1995,1995,-,-,-,-,1995,2003,2003,1995,2003,-,-,-,-,-,-,-,1997,2023,2023,2023,2023,2023,2023,1997,2023
6187,Københavns Toldbod,DNK,DMI,Synop,Active,20,,55.6886,12.5985,6,2024-11-28T14:46:41Z,2004-02-20T00:00:00Z,,,2004-02-20T00:00:00Z,,6080,6187,-,-,-,-,-,-,-,-,-,-,-,-,-,-,2004,2004,-,-,2004,2004,-,-,-,-,-,-,-,-,-,-,-,-,-,-,-,-,-,-,2024,2024,2024,2024,2024,2024,2024,2024,2024
6188,Sjælsmark,DNK,DMI,Synop,Active,39.69,,55.8764,12.4121,6,2024-11-28T14:46:41Z,2003-08-08T00:00:00Z,,,2003-08-08T00:00:00Z,2019-01-15T13:34:47Z,6080,6188,2007,2007,1989,2003,2003,1996,2003,1988,2003,1987,2024,-,2003,2003,2003,1986,-,-,2003,2003,2003,1986,2003,2003,2003,2003,2003,1986,1986,2003,1986,2003,2003,2003,2003,2007,2007,2003,1986,1986,2003,2003,1986,2003,2003,1986,1986
6190,Bornholms Lufthavn,DNK,Danske lufthavne,Synop,Active,15,,55.0677,14.7494,6,2024-11-28T14:46:41Z,1977-06-01T00:00:00Z,,,1977-06-01T00:00:00Z,2019-01-15T13:34:47Z,6080,6190,1959,1959,1959,2003,-,-,2003,2003,2003,2003,-,-,1993,1959,-,-,-,-,-,-,1959,1959,2003,2003,2003,2003,1959,2003,2003,1959,2003,-,-,-,-,1999,1959,1959,1959,2003,2003,2003,2003,2003,2003,1959,2003
6191,Christiansø Fyr,,,,,,,,,,,,,,,,,,1961,1961,1961,-,-,-,-,-,-,-,-,-,1993,1961,-,-,-,-,-,-,1961,1961,-,-,-,-,1961,-,-,1961,-,-,-,-,-,-,1961,1961,1961,-,-,-,-,-,-,1961,-
6193,Hammer Odde Fyr,DNK,DMI,Synop,Active,,,55.2981,14.7726,6,2024-11-28T14:46:41Z,1953-03-01T00:00:00Z,,,1953-03-01T00:00:00Z,1974-07-01T00:00:00Z,6080,6193,1977,1977,1977,2001,-,-,2001,2001,2001,2001,2015,-,1993,1977,2009,2009,-,-,2009,2009,1977,1977,-,-,-,-,1977,2001,2001,1977,2001,-,-,-,-,2001,1977,1977,1977,2001,2003,2003,2001,2001,2001,1977,2001
6197,Nexø Vest,DNK,DMI,Synop,Active,23.13,,55.0557,15.0953,6,2024-11-28T14:46:41Z,2002-09-19T00:00:00Z,,,2002-09-19T00:00:00Z,2019-01-15T13:34:48Z,6080,6197,-,-,2002,2002,2002,2002,2002,2002,2002,2002,2015,-,2002,2002,2002,2002,-,-,2002,2002,2002,2002,2002,2002,2002,2002,2002,2002,2002,2002,2002,2002,2002,2002,2002,-,-,2003,2002,2002,2003,2003,2002,2002,2002,2002,2002
20000,Skagen Fyr,DNK,DMI,Manual snow,Active,3,,57.7363,10.6318,,2024-11-28T14:46:41Z,2001-03-02T00:00:00Z,,,2001-03-02T00:00:00Z,,,,-,-,-,-,-,-,-,-,-,-,-,-,-,-,-,-,2002,2002,-,-,-,-,-,-,-,-,-,-,-,-,-,-,-,-,-,-,-,-,-,-,-,-,-,-,-,-,-
20030,Uggerby,DNK,DMI,Manual snow,Active,8,,57.5705,10.1073,,2024-11-28T14:46:41Z,2011-10-01T00:00:00Z,,,2011-10-01T00:00:00Z,,,,-,-,-,-,-,-,-,-,-,-,-,-,-,-,-,-,2011,2011,-,-,-,-,-,-,-,-,-,-,-,-,-,-,-,-,-,-,-,-,-,-,-,-,-,-,-,-,-
20055,Nørre Lyngby N,DNK,DMI,Manual snow,Active,22,,57.4185,9.7608,,2024-11-28T14:46:41Z,2011-10-01T00:00:00Z,,,2011-10-01T00:00:00Z,,,,-,-,-,-,-,-,-,-,-,-,-,-,-,-,-,-,1973,1973,-,-,-,-,-,-,-,-,-,-,-,-,-,-,-,-,-,-,-,-,-,-,-,-,-,-,-,-,-
20085,Lendum,DNK,DMI,Manual snow,Active,61,,57.4029,10.2705,,2024-11-28T14:46:41Z,2011-10-01T00:00:00Z,,,2011-10-01T00:00:00Z,,,,-,-,-,-,-,-,-,-,-,-,-,-,-,-,-,-,1973,1973,-,-,-,-,-,-,-,-,-,-,-,-,-,-,-,-,-,-,-,-,-,-,-,-,-,-,-,-,-
20119,Brønderslev,,,,,,,,,,,,,,,,,,-,-,-,-,-,-,-,-,-,-,-,-,-,-,-,-,2025,2025,-,-,-,-,-,-,-,-,-,-,-,-,-,-,-,-,-,-,-,-,-,-,-,-,-,-,-,-,-
20228,Voerså Hede,DNK,DMI,Manual snow,Active,22,,57.2214,10.4708,,2024-11-28T14:46:41Z,2011-10-01T00:00:00Z,,,2011-10-01T00:00:00Z,,,,-,-,-,-,-,-,-,-,-,-,-,-,-,-,-,-,2011,2011,-,-,-,-,-,-,-,-,-,-,-,-,-,-,-,-,-,-,-,-,-,-,-,-,-,-,-,-,-
20279,Møllegård Huse,DNK,DMI,Manual snow,Active,7,,56.9556,10.2275,,2024-11-28T14:46:41Z,2014-11-03T00:00:00Z,,,2014-11-03T00:00:00Z,,,,-,-,-,-,-,-,-,-,-,-,-,-,-,-,-,-,2014,2014,-,-,-,-,-,-,-,-,-,-,-,-,-,-,-,-,-,-,-,-,-,-,-,-,-,-,-,-,-
20315,Klarup,DNK,DMI,Manual snow,Active,9.5,,57.0105,10.0351,,2024-11-28T14:46:41Z,2018-01-02T00:00:00Z,,,2018-01-02T00:00:00Z,,,,-,-,-,-,-,-,-,-,-,-,-,-,-,-,-,-,2018,2018,-,-,-,-,-,-,-,-,-,-,-,-,-,-,-,-,-,-,-,-,-,-,-,-,-,-,-,-,-
20375,Brovst,DNK,DMI,Manual snow,Active,12,,57.0945,9.5253,,2024-11-28T14:46:41Z,2019-10-01T00:00:00Z,,,2019-10-01T00:00:00Z,,,,-,-,-,-,-,-,-,-,-,-,-,-,-,-,-,-,2019,2019,-,-,-,-,-,-,-,-,-,-,-,-,-,-,-,-,-,-,-,-,-,-,-,-,-,-,-,-,-
20400,Aggersund,DNK,DMI,Manual snow,Active,8,,57.0143,9.2889,,2024-11-28T14:46:41Z,2011-10-01T00:00:00Z,,,2011-10-01T00:00:00Z,,,,-,-,-,-,-,-,-,-,-,-,-,-,-,-,-,-,2011,2011,-,-,-,-,-,-,-,-,-,-,-,-,-,-,-,-,-,-,-,-,-,-,-,-,-,-,-,-,-
20552,Års Syd,DNK,DMI,Manual snow,Active,32,,56.7575,9.5059,,2024-11-28T14:46:41Z,2015-04-08T00:00:00Z,,,2015-04-08T00:00:00Z,,,,-,-,-,-,-,-,-,-,-,-,-,-,-,-,-,-,2015,2015,-,-,-,-,-,-,-,-,-,-,-,-,-,-,-,-,-,-,-,-,-,-,-,-,-,-,-,-,-
20561,Hannerup,DNK,DMI,Manual snow,Active,,,56.6509,9.7012,,2024-11-28T14:46:41Z,2011-12-16T00:00:00Z,2021-12-01T00:00:00Z,,2011-12-16T00:00:00Z,2021-12-01T00:00:00Z,,,-,-,-,-,-,-,-,-,-,-,-,-,-,-,-,-,2011,2011,-,-,-,-,-,-,-,-,-,-,-,-,-,-,-,-,-,-,-,-,-,-,-,-,-,-,-,-,-
20600,Mørkeskov,DNK,DMI,Manual snow,Active,84,,56.8136,9.8247,,2024-11-28T14:46:41Z,2011-10-01T00:00:00Z,,,2011-10-01T00:00:00Z,,,,-,-,-,-,-,-,-,-,-,-,-,-,-,-,-,-,2011,2011,-,-,-,-,-,-,-,-,-,-,-,-,-,-,-,-,-,-,-,-,-,-,-,-,-,-,-,-,-
20670,Havnø,DNK,DMI,Manual snow,Active,2,,56.7157,10.1645,,2024-11-28T14:46:41Z,2011-10-01T00:00:00Z,,,2011-10-01T00:00:00Z,,,,-,-,-,-,-,-,-,-,-,-,-,-,-,-,-,-,2011,2011,-,-,-,-,-,-,-,-,-,-,-,-,-,-,-,-,-,-,-,-,-,-,-,-,-,-,-,-,-
21020,Lild Strand,DNK,DMI,Manual snow,Active,6,,57.1518,8.9649,,2024-11-28T14:46:41Z,2011-10-01T00:00:00Z,,,2011-10-01T00:00:00Z,,,,-,-,-,-,-,-,-,-,-,-,-,-,-,-,-,-,2011,2011,-,-,-,-,-,-,-,-,-,-,-,-,-,-,-,-,-,-,-,-,-,-,-,-,-,-,-,-,-
21080,Nørre Vorupør,DNK,DMI,Manual snow,Active,16,,56.951,8.3769,,2024-11-28T14:46:41Z,2011-10-01T00:00:00Z,,,2011-10-01T00:00:00Z,,,,-,-,-,-,-,-,-,-,-,-,-,-,-,-,-,-,2011,2011,-,-,-,-,-,-,-,-,-,-,-,-,-,-,-,-,-,-,-,-,-,-,-,-,-,-,-,-,-
21100,Vestervig,DNK,DMI,Manual snow,Active,,,56.7637,8.3207,,2022-02-08T13:36:46Z,1971-01-01T00:00:00Z,,,1971-01-01T00:00:00Z,2020-10-01T00:00:00Z,,,-,-,-,-,-,-,-,-,-,-,-,-,-,-,-,-,1971,1971,-,-,-,-,-,-,-,-,-,-,-,-,-,-,-,-,-,-,-,-,-,-,-,-,-,-,-,-,-
21120,Erslev,DNK,DMI,Manual snow,Active,26,,56.8334,8.7297,,2024-11-28T14:46:41Z,2018-06-11T00:00:00Z,,,2018-06-11T00:00:00Z,,,,-,-,-,-,-,-,-,-,-,-,-,-,-,-,-,-,1971,1971,-,-,-,-,-,-,-,-,-,-,-,-,-,-,-,-,-,-,-,-,-,-,-,-,-,-,-,-,-
21160,Junget,DNK,DMI,Manual snow,Active,21,,56.7637,9.0946,,2024-11-28T14:46:41Z,2011-10-01T00:00:00Z,,,2011-10-01T00:00:00Z,,,,-,-,-,-,-,-,-,-,-,-,-,-,-,-,-,-,2011,2011,-,-,-,-,-,-,-,-,-,-,-,-,-,-,-,-,-,-,-,-,-,-,-,-,-,-,-,-,-
21208,Skive Lufthavn,DNK,DMI,Manual snow,Active,23,,56.5446,9.1916,,2024-11-28T14:46:41Z,2014-10-01T00:00:00Z,,,2014-10-01T00:00:00Z,,,,-,-,-,-,-,-,-,-,-,-,-,-,-,-,-,-,2012,2012,-,-,-,-,-,-,-,-,-,-,-,-,-,-,-,-,-,-,-,-,-,-,-,-,-,-,-,-,-
21306,Rødding,,,,,,,,,,,,,,,,,,-,-,-,-,-,-,-,-,-,-,-,-,-,-,-,-,2025,2025,-,-,-,-,-,-,-,-,-,-,-,-,-,-,-,-,-,-,-,-,-,-,-,-,-,-,-,-,-
21368,Flyvestation Karup,DNK,DMI,Manual snow,Active,52,,56.2934,9.1139,,2024-11-28T14:46:41Z,2014-02-03T00:00:00Z,,,2014-02-03T00:00:00Z,,,,-,-,-,-,-,-,-,-,-,-,-,-,-,-,-,-,2014,2014,-,-,-,-,-,-,-,-,-,-,-,-,-,-,-,-,-,-,-,-,-,-,-,-,-,-,-,-,-
21430,Grønbæk,DNK,DMI,Manual snow,Active,,,56.2761,9.6256,,2024-11-28T14:46:41Z,2011-10-01T00:00:00Z,,,2011-10-01T00:00:00Z,2020-02-20T14:11:04Z,,,-,-,-,-,-,-,-,-,-,-,-,-,-,-,-,-,2011,2011,-,-,-,-,-,-,-,-,-,-,-,-,-,-,-,-,-,-,-,-,-,-,-,-,-,-,-,-,-
22020,Hald,DNK,DMI,Manual snow,Active,78,,56.5664,10.0983,,2024-11-28T14:46:41Z,2008-08-27T00:00:00Z,,,2008-08-27T00:00:00Z,,,,-,-,-,-,-,-,-,-,-,-,-,-,-,-,-,-,2002,2002,-,-,-,-,-,-,-,-,-,-,-,-,-,-,-,-,-,-,-,-,-,-,-,-,-,-,-,-,-
22080,Hevringsholm,DNK,DMI,Manual snow,Active,12,,56.5062,10.4403,,2024-11-28T14:46:41Z,2011-10-01T00:00:00Z,,,2011-10-01T00:00:00Z,,,,-,-,-,-,-,-,-,-,-,-,-,-,-,-,-,-,2011,2011,-,-,-,-,-,-,-,-,-,-,-,-,-,-,-,-,-,-,-,-,-,-,-,-,-,-,-,-,-
22162,Sibirien,DNK,DMI,Manual snow,Active,14,,56.1103,10.5466,,2024-11-28T14:46:41Z,2011-10-01T00:00:00Z,,,2011-10-01T00:00:00Z,,,,-,-,-,-,-,-,-,-,-,-,-,-,-,-,-,-,2011,2011,-,-,-,-,-,-,-,-,-,-,-,-,-,-,-,-,-,-,-,-,-,-,-,-,-,-,-,-,-
22189,Tirstrup,DNK,DMI,Manual snow,Active,28,,56.3037,10.6619,,2024-11-28T14:46:41Z,2012-01-01T00:00:00Z,,,2012-01-01T00:00:00Z,,,,-,-,-,-,-,-,-,-,-,-,-,-,-,-,-,-,2012,2012,-,-,-,-,-,-,-,-,-,-,-,-,-,-,-,-,-,-,-,-,-,-,-,-,-,-,-,-,-
22232,Ødum,DNK,DMI,Manual snow,Active,,,56.308,10.1292,,2024-11-28T14:46:41Z,2012-01-01T00:00:00Z,,,2012-01-01T00:00:00Z,2022-12-15T14:23:24Z,,,-,-,-,-,-,-,-,-,-,-,-,-,-,-,-,-,2012,2012,-,-,-,-,-,-,-,-,-,-,-,-,-,-,-,-,-,-,-,-,-,-,-,-,-,-,-,-,-
22410,Låsby,DNK,DMI,Manual snow,Active,,,56.1496,9.7876,,2024-11-28T14:46:41Z,2011-10-01T00:00:00Z,,,2011-10-01T00:00:00Z,2024-10-31T14:34:23Z,,,-,-,-,-,-,-,-,-,-,-,-,-,-,-,-,-,2011,2011,-,-,-,-,-,-,-,-,-,-,-,-,-,-,-,-,-,-,-,-,-,-,-,-,-,-,-,-,-
22414,Christianshede,DNK,DMI,Manual snow,Active,,,56.1056,9.4024,6,2024-11-28T14:46:41Z,2023-09-28T11:21:44Z,,,2023-09-27T06:25:40Z,2023-09-28T11:21:44Z,6080,22414,-,-,-,-,-,-,-,-,-,-,-,-,-,-,-,-,2023,2023,-,-,-,-,-,-,-,-,-,-,-,-,-,-,-,-,-,-,-,-,-,-,-,-,-,-,-,-,-
23100,Vestbirk,DNK,DMI,Manual snow,Active,56,,55.961,9.7021,,2024-11-28T14:46:41Z,2003-09-25T00:00:00Z,,,2003-09-25T00:00:00Z,,,,-,-,-,-,-,-,-,-,-,-,-,-,-,-,-,-,1971,1971,-,-,-,-,-,-,-,-,-,-,-,-,-,-,-,-,-,-,-,-,-,-,-,-,-,-,-,-,-
23105,Malling,DNK,DMI,Manual snow,Active,49,,56.0438,10.2084,6,2024-11-28T14:46:41Z,2023-10-01T00:00:00Z,,,2023-09-22T11:35:59Z,,6080,23105,-,-,-,-,-,-,-,-,-,-,-,-,-,-,-,-,2023,2023,-,-,-,-,-,-,-,-,-,-,-,-,-,-,-,-,-,-,-,-,-,-,-,-,-,-,-,-,-
23133,Juelsminde,DNK,DMI,Manual snow,Active,24,,55.7102,9.9962,,2024-11-28T14:46:41Z,2011-10-01T00:00:00Z,,,2011-10-01T00:00:00Z,,,,-,-,-,-,-,-,-,-,-,-,-,-,-,-,-,-,2011,2011,-,-,-,-,-,-,-,-,-,-,-,-,-,-,-,-,-,-,-,-,-,-,-,-,-,-,-,-,-
23142,Vester Neble,DNK,DMI,Manual snow,Active,,,55.4302,9.2388,6,2024-11-28T14:46:41Z,2023-10-01T00:00:00Z,,,2023-09-27T06:30:48Z,2023-11-14T14:37:53Z,6080,23142,-,-,-,-,-,-,-,-,-,-,-,-,-,-,-,-,2023,2023,-,-,-,-,-,-,-,-,-,-,-,-,-,-,-,-,-,-,-,-,-,-,-,-,-,-,-,-,-
23160,Hesseballe,DNK,DMI,Manual snow,Active,68,,55.8314,9.5533,,2024-11-28T14:46:41Z,2011-10-01T00:00:00Z,,,2011-10-01T00:00:00Z,,,,-,-,-,-,-,-,-,-,-,-,-,-,-,-,-,-,2011,2011,-,-,-,-,-,-,-,-,-,-,-,-,-,-,-,-,-,-,-,-,-,-,-,-,-,-,-,-,-
23327,Kolding,DNK,DMI,Manual snow,Active,,,55.4716,9.4847,,2024-11-28T14:46:41Z,2012-01-01T00:00:00Z,2018-12-31T00:00:00Z,,2012-01-01T00:00:00Z,2018-12-31T00:00:00Z,,,-,-,-,-,-,-,-,-,-,-,-,-,-,-,-,-,2012,2012,-,-,-,-,-,-,-,-,-,-,-,-,-,-,-,-,-,-,-,-,-,-,-,-,-,-,-,-,-
23360,Haderslev,DNK,DMI,Manual snow,Active,37,,55.2561,9.4715,,2024-11-28T14:46:41Z,2019-11-01T00:00:00Z,,,2019-11-01T00:00:00Z,,,,-,-,-,-,-,-,-,-,-,-,-,-,-,-,-,-,2019,2019,-,-,-,-,-,-,-,-,-,-,-,-,-,-,-,-,-,-,-,-,-,-,-,-,-,-,-,-,-
24043,Semb,DNK,DMI,Manual snow,Active,23,,56.6553,8.5476,,2024-11-28T14:46:41Z,2011-10-01T00:00:00Z,,,2011-10-01T00:00:00Z,,,,-,-,-,-,-,-,-,-,-,-,-,-,-,-,-,-,2011,2011,-,-,-,-,-,-,-,-,-,-,-,-,-,-,-,-,-,-,-,-,-,-,-,-,-,-,-,-,-
24056,Lemvig,DNK,DMI,Manual snow,Active,,,56.5499,8.3037,6,2024-11-28T14:46:41Z,2023-09-29T11:58:15Z,,,2023-09-27T06:34:51Z,2023-09-29T11:58:15Z,6080,24056,-,-,-,-,-,-,-,-,-,-,-,-,-,-,-,-,2023,2023,-,-,-,-,-,-,-,-,-,-,-,-,-,-,-,-,-,-,-,-,-,-,-,-,-,-,-,-,-
24102,Holstebro,DNK,DMI,Manual snow,Active,,,56.3534,8.6201,,2024-11-28T14:46:41Z,2019-10-01T00:00:00Z,,,2019-10-01T00:00:00Z,,,,-,-,-,-,-,-,-,-,-,-,-,-,-,-,-,-,2011,2011,-,-,-,-,-,-,-,-,-,-,-,-,-,-,-,-,-,-,-,-,-,-,-,-,-,-,-,-,-
24142,Øby,DNK,DMI,Manual snow,Active,3,,56.2604,8.1659,,2024-11-28T14:46:41Z,1993-08-01T00:00:00Z,,,1993-08-01T00:00:00Z,,,,-,-,-,-,-,-,-,-,-,-,-,-,-,-,-,-,2007,2007,-,-,-,-,-,-,-,-,-,-,-,-,-,-,-,-,-,-,-,-,-,-,-,-,-,-,-,-,-
24171,Grønbjerg,DNK,DMI,Manual snow,Active,35,,56.184,8.4863,,2024-11-28T14:46:41Z,2012-01-01T00:00:00Z,,,2012-01-01T00:00:00Z,,,,-,-,-,-,-,-,-,-,-,-,-,-,-,-,-,-,2012,2012,-,-,-,-,-,-,-,-,-,-,-,-,-,-,-,-,-,-,-,-,-,-,-,-,-,-,-,-,-
24380,Tarm,DNK,DMI,Manual snow,Active,,,55.9571,8.6196,,2022-02-17T14:08:52Z,2011-12-22T00:00:00Z,,,2011-12-22T00:00:00Z,2019-11-01T00:00:00Z,,,-,-,-,-,-,-,-,-,-,-,-,-,-,-,-,-,1971,1971,-,-,-,-,-,-,-,-,-,-,-,-,-,-,-,-,-,-,-,-,-,-,-,-,-,-,-,-,-
24430,Høgild,DNK,DMI,Manual snow,Active,43,,56.0627,8.9855,,2024-11-28T14:46:41Z,2011-12-21T00:00:00Z,,,2011-12-21T00:00:00Z,,,,-,-,-,-,-,-,-,-,-,-,-,-,-,-,-,-,1971,1971,-,-,-,-,-,-,-,-,-,-,-,-,-,-,-,-,-,-,-,-,-,-,-,-,-,-,-,-,-
24490,Blåhøj Kirkeby,DNK,DMI,Manual snow,Active,52,,55.8527,9.0162,,2024-11-28T14:46:41Z,2011-10-01T00:00:00Z,,,2011-10-01T00:00:00Z,,,,-,-,-,-,-,-,-,-,-,-,-,-,-,-,-,-,2011,2011,-,-,-,-,-,-,-,-,-,-,-,-,-,-,-,-,-,-,-,-,-,-,-,-,-,-,-,-,-
25045,Outrup,DNK,DMI,Manual snow,Active,18,,55.723,8.3327,,2024-11-28T14:46:41Z,2012-10-25T00:00:00Z,,,2012-10-25T00:00:00Z,,,,-,-,-,-,-,-,-,-,-,-,-,-,-,-,-,-,2004,2004,-,-,-,-,-,-,-,-,-,-,-,-,-,-,-,-,-,-,-,-,-,-,-,-,-,-,-,-,-
25104,Agerbæk,,,,,,,,,,,,,,,,,,-,-,-,-,-,-,-,-,-,-,-,-,-,-,-,-,2025,2025,-,-,-,-,-,-,-,-,-,-,-,-,-,-,-,-,-,-,-,-,-,-,-,-,-,-,-,-,-
25161,Oksvang Andrup,DNK,DMI,Manual snow,Active,24,,55.5213,8.5231,,2024-11-28T14:46:41Z,2012-01-01T00:00:00Z,,,2012-01-01T00:00:00Z,,,,-,-,-,-,-,-,-,-,-,-,-,-,-,-,-,-,2012,2012,-,-,-,-,-,-,-,-,-,-,-,-,-,-,-,-,-,-,-,-,-,-,-,-,-,-,-,-,-
25270,Askov,DNK,DMI,Manual snow,Active,61,,55.471,9.0906,,2024-11-28T14:46:41Z,2015-01-01T00:00:00Z,,,2015-01-01T00:00:00Z,,,,-,-,-,-,-,-,-,-,-,-,-,-,-,-,-,-,1971,1971,-,-,-,-,-,-,-,-,-,-,-,-,-,-,-,-,-,-,-,-,-,-,-,-,-,-,-,-,-
25339,Ribe Renseanlæg,DNK,DMI,Manual snow,Active,3,,55.3286,8.7433,,2024-11-28T14:46:41Z,2011-10-01T00:00:00Z,,,2011-10-01T00:00:00Z,,,,-,-,-,-,-,-,-,-,-,-,-,-,-,-,-,-,2011,2011,-,-,-,-,-,-,-,-,-,-,-,-,-,-,-,-,-,-,-,-,-,-,-,-,-,-,-,-,-
26210,Rangstrup,DNK,DMI,Manual snow,Active,52,,55.147,9.2057,,2024-11-28T14:46:41Z,2002-09-13T00:00:00Z,,,2002-09-13T00:00:00Z,,,,-,-,-,-,-,-,-,-,-,-,-,-,-,-,-,-,2009,2009,-,-,-,-,-,-,-,-,-,-,-,-,-,-,-,-,-,-,-,-,-,-,-,-,-,-,-,-,-
26340,Bredebro,DNK,DMI,Manual snow,Active,6,,55.0561,8.8326,,2024-11-28T14:46:41Z,2001-12-14T00:00:00Z,,,2001-12-14T00:00:00Z,,,,-,-,-,-,-,-,-,-,-,-,-,-,-,-,-,-,2002,2002,-,-,-,-,-,-,-,-,-,-,-,-,-,-,-,-,-,-,-,-,-,-,-,-,-,-,-,-,-
26345,Tinglev,,,,,,,,,,,,,,,,,,-,-,-,-,-,-,-,-,-,-,-,-,-,-,-,-,2025,2025,-,-,-,-,-,-,-,-,-,-,-,-,-,-,-,-,-,-,-,-,-,-,-,-,-,-,-,-,-
26356,Nordborg,,,,,,,,,,,,,,,,,,-,-,-,-,-,-,-,-,-,-,-,-,-,-,-,-,2025,2025,-,-,-,-,-,-,-,-,-,-,-,-,-,-,-,-,-,-,-,-,-,-,-,-,-,-,-,-,-
26358,Emmerlev Klev,DNK,DMI,Manual snow,Active,,,54.9872,8.6652,,2024-11-28T14:46:41Z,2011-10-01T00:00:00Z,2024-09-30T00:00:00Z,,2011-10-01T00:00:00Z,2024-09-30T00:00:00Z,,,-,-,-,-,-,-,-,-,-,-,-,-,-,-,-,-,2011,2011,-,-,-,-,-,-,-,-,-,-,-,-,-,-,-,-,-,-,-,-,-,-,-,-,-,-,-,-,-
26450,Nørreløkke,DNK,DMI,Manual snow,Active,,,55.0646,9.6811,,2024-11-28T14:46:41Z,2011-10-01T00:00:00Z,2023-04-30T00:00:00Z,,2011-10-01T00:00:00Z,2023-04-30T00:00:00Z,,,-,-,-,-,-,-,-,-,-,-,-,-,-,-,-,-,2011,2011,-,-,-,-,-,-,-,-,-,-,-,-,-,-,-,-,-,-,-,-,-,-,-,-,-,-,-,-,-
27008,Byrum,DNK,DMI,Manual snow,Active,5,,57.2746,11.0292,,2024-11-28T14:46:41Z,2002-07-05T00:00:00Z,,,2002-07-05T00:00:00Z,,,,-,-,-,-,-,-,-,-,-,-,-,-,-,-,-,-,2004,2004,-,-,-,-,-,-,-,-,-,-,-,-,-,-,-,-,-,-,-,-,-,-,-,-,-,-,-,-,-
27082,Tranebjerg Øst,DNK,DMI,Manual snow,Active,18,,55.8322,10.6185,,2024-11-28T14:46:41Z,2009-11-18T00:00:00Z,,,2009-11-18T00:00:00Z,,,,-,-,-,-,-,-,-,-,-,-,-,-,-,-,-,-,2004,2004,-,-,-,-,-,-,-,-,-,-,-,-,-,-,-,-,-,-,-,-,-,-,-,-,-,-,-,-,-
28032,Roerslev,DNK,DMI,Manual snow,Active,,,55.5677,10.3412,,2024-11-28T14:46:41Z,2019-12-04T00:00:00Z,2021-04-01T00:00:00Z,,2019-12-04T00:00:00Z,2021-04-01T00:00:00Z,,,-,-,-,-,-,-,-,-,-,-,-,-,-,-,-,-,2014,2014,-,-,-,-,-,-,-,-,-,-,-,-,-,-,-,-,-,-,-,-,-,-,-,-,-,-,-,-,-
28110,Båring,DNK,DMI,Manual snow,Active,64,,55.4927,9.8948,,2024-11-28T14:46:41Z,2011-10-01T00:00:00Z,,,2011-10-01T00:00:00Z,,,,-,-,-,-,-,-,-,-,-,-,-,-,-,-,-,-,2011,2011,-,-,-,-,-,-,-,-,-,-,-,-,-,-,-,-,-,-,-,-,-,-,-,-,-,-,-,-,-
28188,Næsbyhoved-Broby,DNK,DMI,Manual snow,Active,,,55.4392,10.3063,,2024-11-28T14:46:41Z,2022-01-31T23:00:00Z,,,2022-01-25T10:21:05Z,,,,-,-,-,-,-,-,-,-,-,-,-,-,-,-,-,-,2022,2022,-,-,-,-,-,-,-,-,-,-,-,-,-,-,-,-,-,-,-,-,-,-,-,-,-,-,-,-,-
28240,Juelsberg,DNK,DMI,Manual snow,Active,,,55.3042,10.7279,,2024-11-28T14:46:41Z,2002-03-02T00:00:00Z,,,2002-03-02T00:00:00Z,2020-08-19T09:18:14Z,,,-,-,-,-,-,-,-,-,-,-,-,-,-,-,-,-,2002,2002,-,-,-,-,-,-,-,-,-,-,-,-,-,-,-,-,-,-,-,-,-,-,-,-,-,-,-,-,-
28280,Højby,DNK,DMI,Manual snow,Active,,,55.3088,10.4398,,2024-11-28T14:46:41Z,2012-01-01T00:00:00Z,2021-05-31T00:00:00Z,,2012-01-01T00:00:00Z,2019-11-19T10:16:27Z,,,-,-,-,-,-,-,-,-,-,-,-,-,-,-,-,-,1971,1971,-,-,-,-,-,-,-,-,-,-,-,-,-,-,-,-,-,-,-,-,-,-,-,-,-,-,-,-,-
28295,Rudme,,,,,,,,,,,,,,,,,,-,-,-,-,-,-,-,-,-,-,-,-,-,-,-,-,2025,2025,-,-,-,-,-,-,-,-,-,-,-,-,-,-,-,-,-,-,-,-,-,-,-,-,-,-,-,-,-
28305,Korinth,DNK,DMI,Manual snow,Active,51,,55.1461,10.3262,,2024-11-28T14:46:41Z,2024-10-01T00:00:00Z,,,2024-09-12T09:36:38Z,,,,-,-,-,-,-,-,-,-,-,-,-,-,-,-,-,-,2025,2025,-,-,-,-,-,-,-,-,-,-,-,-,-,-,-,-,-,-,-,-,-,-,-,-,-,-,-,-,-
28385,Bøjden,DNK,DMI,Manual snow,Active,25,,55.0977,10.1024,,2024-11-28T14:46:41Z,2011-10-01T00:00:00Z,,,2011-10-01T00:00:00Z,,,,-,-,-,-,-,-,-,-,-,-,-,-,-,-,-,-,2011,2011,-,-,-,-,-,-,-,-,-,-,-,-,-,-,-,-,-,-,-,-,-,-,-,-,-,-,-,-,-
28552,Søndenbro,DNK,DMI,Manual snow,Active,7,,54.7567,10.7094,,2024-11-28T14:46:41Z,2011-10-01T00:00:00Z,,,2011-10-01T00:00:00Z,,,,-,-,-,-,-,-,-,-,-,-,-,-,-,-,-,-,2011,2011,-,-,-,-,-,-,-,-,-,-,-,-,-,-,-,-,-,-,-,-,-,-,-,-,-,-,-,-,-
28590,Rudkøbing,DNK,DMI,Manual snow,Active,8,,54.9462,10.7234,,2024-11-28T14:46:41Z,2011-10-01T00:00:00Z,,,2011-10-01T00:00:00Z,,,,-,-,-,-,-,-,-,-,-,-,-,-,-,-,-,-,1971,1971,-,-,-,-,-,-,-,-,-,-,-,-,-,-,-,-,-,-,-,-,-,-,-,-,-,-,-,-,-
28592,Vindeby,DNK,DMI,Manual snow,Active,,,55.0445,10.6073,6,2024-11-28T14:46:41Z,2023-10-01T00:00:00Z,,,2023-09-27T06:22:10Z,2023-10-02T10:07:50Z,6080,28592,-,-,-,-,-,-,-,-,-,-,-,-,-,-,-,-,2023,2023,-,-,-,-,-,-,-,-,-,-,-,-,-,-,-,-,-,-,-,-,-,-,-,-,-,-,-,-,-
29020,Kollekolle,DNK,DMI,Manual snow,Active,30,,55.8686,11.6064,,2024-11-28T14:46:41Z,2015-07-22T00:00:00Z,,,2015-07-22T00:00:00Z,,,,-,-,-,-,-,-,-,-,-,-,-,-,-,-,-,-,1971,1971,-,-,-,-,-,-,-,-,-,-,-,-,-,-,-,-,-,-,-,-,-,-,-,-,-,-,-,-,-
29125,Jægerspris,,,,,,,,,,,,,,,,,,-,-,-,-,-,-,-,-,-,-,-,-,-,-,-,-,2025,2025,-,-,-,-,-,-,-,-,-,-,-,-,-,-,-,-,-,-,-,-,-,-,-,-,-,-,-,-,-
29194,Mørkøv Syd,DNK,DMI,Manual snow,Active,36.5,,55.639,11.4935,,2024-11-28T14:46:41Z,2016-10-01T00:00:00Z,,,2016-10-01T00:00:00Z,,,,-,-,-,-,-,-,-,-,-,-,-,-,-,-,-,-,2011,2011,-,-,-,-,-,-,-,-,-,-,-,-,-,-,-,-,-,-,-,-,-,-,-,-,-,-,-,-,-
29243,Mulstrup,DNK,DMI,Manual snow,Active,,,55.4069,11.862,,2024-11-28T14:46:41Z,2011-12-01T00:00:00Z,,,2011-12-01T00:00:00Z,2021-10-27T08:03:36Z,,,-,-,-,-,-,-,-,-,-,-,-,-,-,-,-,-,2011,2011,-,-,-,-,-,-,-,-,-,-,-,-,-,-,-,-,-,-,-,-,-,-,-,-,-,-,-,-,-
29330,Rye,DNK,DMI,Manual snow,Active,,,55.5271,11.2379,,2024-11-28T14:46:41Z,2011-10-01T00:00:00Z,,,2011-10-01T00:00:00Z,2019-11-19T10:25:51Z,,,-,-,-,-,-,-,-,-,-,-,-,-,-,-,-,-,2011,2011,-,-,-,-,-,-,-,-,-,-,-,-,-,-,-,-,-,-,-,-,-,-,-,-,-,-,-,-,-
29332,Lynge,,,,,,,,,,,,,,,,,,-,-,-,-,-,-,-,-,-,-,-,-,-,-,-,-,2025,2025,-,-,-,-,-,-,-,-,-,-,-,-,-,-,-,-,-,-,-,-,-,-,-,-,-,-,-,-,-
29440,Tystofte,DNK,DMI,Manual snow,Active,12,,55.2465,11.3284,,2024-11-28T14:46:41Z,2013-03-26T00:00:00Z,,,2013-03-26T00:00:00Z,,,,-,-,-,-,-,-,-,-,-,-,-,-,-,-,-,-,2013,2013,-,-,-,-,-,-,-,-,-,-,-,-,-,-,-,-,-,-,-,-,-,-,-,-,-,-,-,-,-
30075,Græsted,DNK,DMI,Manual snow,Active,,,56.0428,12.2918,,2024-11-28T14:46:41Z,2000-01-02T00:00:00Z,2024-09-30T00:00:00Z,,2000-01-02T00:00:00Z,2024-09-30T00:00:00Z,,,-,-,-,-,-,-,-,-,-,-,-,-,-,-,-,-,1975,1975,-,-,-,-,-,-,-,-,-,-,-,-,-,-,-,-,-,-,-,-,-,-,-,-,-,-,-,-,-
30116,Søholm,,,,,,,,,,,,,,,,,,-,-,-,-,-,-,-,-,-,-,-,-,-,-,-,-,2025,2025,-,-,-,-,-,-,-,-,-,-,-,-,-,-,-,-,-,-,-,-,-,-,-,-,-,-,-,-,-
30187,Kettinge,DNK,DMI,Manual snow,Active,,,55.8796,12.4115,,2024-11-28T14:46:41Z,2012-09-01T00:00:00Z,2022-04-30T00:00:00Z,,2012-09-01T00:00:00Z,2022-04-30T00:00:00Z,,,-,-,-,-,-,-,-,-,-,-,-,-,-,-,-,-,2011,2011,-,-,-,-,-,-,-,-,-,-,-,-,-,-,-,-,-,-,-,-,-,-,-,-,-,-,-,-,-
30215,Meteorologisk Institut,DNK,DMI,Manual snow,Active,,,55.7161,12.5622,,2024-11-28T14:46:41Z,2018-02-02T00:00:00Z,,,2018-02-02T00:00:00Z,2023-10-13T12:00:07Z,,,-,-,-,-,-,-,-,-,-,-,-,-,-,-,-,-,2018,2018,-,-,-,-,-,-,-,-,-,-,-,-,-,-,-,-,-,-,-,-,-,-,-,-,-,-,-,-,-
30414,Roskilde,DNK,DMI,Manual snow,Active,,,55.6343,12.0747,,2024-11-28T14:46:41Z,2012-01-01T00:00:00Z,,,2012-01-01T00:00:00Z,2019-07-31T09:22:19Z,,,-,-,-,-,-,-,-,-,-,-,-,-,-,-,-,-,2012,2012,-,-,-,-,-,-,-,-,-,-,-,-,-,-,-,-,-,-,-,-,-,-,-,-,-,-,-,-,-
31040,Møllebjerggård,DNK,DMI,Manual snow,Active,37,,55.2932,12.4223,,2024-11-28T14:46:41Z,2011-10-01T00:00:00Z,,,2011-10-01T00:00:00Z,,,,-,-,-,-,-,-,-,-,-,-,-,-,-,-,-,-,2011,2011,-,-,-,-,-,-,-,-,-,-,-,-,-,-,-,-,-,-,-,-,-,-,-,-,-,-,-,-,-
31185,Køng,DNK,DMI,Manual snow,Active,4,,55.0984,11.8285,,2024-11-28T14:46:41Z,2009-07-30T00:00:00Z,,,2009-07-30T00:00:00Z,,,,-,-,-,-,-,-,-,-,-,-,-,-,-,-,-,-,2005,2005,-,-,-,-,-,-,-,-,-,-,-,-,-,-,-,-,-,-,-,-,-,-,-,-,-,-,-,-,-
31199,Orup,DNK,DMI,Manual snow,Active,38,,55.2074,12.0979,,2024-11-28T14:46:41Z,2011-10-01T00:00:00Z,,,2011-10-01T00:00:00Z,,,,-,-,-,-,-,-,-,-,-,-,-,-,-,-,-,-,2011,2011,-,-,-,-,-,-,-,-,-,-,-,-,-,-,-,-,-,-,-,-,-,-,-,-,-,-,-,-,-
31259,Neble,DNK,DMI,Manual snow,Active,,,54.9963,12.444,,2024-11-28T14:46:41Z,2012-10-01T00:00:00Z,,,2012-10-01T00:00:00Z,2019-11-19T10:44:47Z,,,-,-,-,-,-,-,-,-,-,-,-,-,-,-,-,-,2012,2012,-,-,-,-,-,-,-,-,-,-,-,-,-,-,-,-,-,-,-,-,-,-,-,-,-,-,-,-,-
31350,Tjennemarke,DNK,DMI,Manual snow,Active,,,54.8073,11.3405,,2024-11-28T14:46:41Z,2012-01-01T00:00:00Z,2022-09-30T00:00:00Z,,2012-01-01T00:00:00Z,2022-09-30T00:00:00Z,,,-,-,-,-,-,-,-,-,-,-,-,-,-,-,-,-,1973,1973,-,-,-,-,-,-,-,-,-,-,-,-,-,-,-,-,-,-,-,-,-,-,-,-,-,-,-,-,-
31400,Nakskov,DNK,DMI,Manual snow,Active,2,,54.826,11.1541,,2024-11-28T14:46:41Z,2011-10-01T00:00:00Z,,,2011-10-01T00:00:00Z,,,,-,-,-,-,-,-,-,-,-,-,-,-,-,-,-,-,2011,2011,-,-,-,-,-,-,-,-,-,-,-,-,-,-,-,-,-,-,-,-,-,-,-,-,-,-,-,-,-
31509,Bjørup,DNK,DMI,Manual snow,Active,,,54.7926,11.9101,,2024-11-28T14:46:41Z,2016-10-17T00:00:00Z,,,2016-10-17T00:00:00Z,2019-11-19T09:47:22Z,,,-,-,-,-,-,-,-,-,-,-,-,-,-,-,-,-,2016,2016,-,-,-,-,-,-,-,-,-,-,-,-,-,-,-,-,-,-,-,-,-,-,-,-,-,-,-,-,-
31526,Sakskøbing,,,,,,,,,,,,,,,,,,-,-,-,-,-,-,-,-,-,-,-,-,-,-,-,-,2025,2025,-,-,-,-,-,-,-,-,-,-,-,-,-,-,-,-,-,-,-,-,-,-,-,-,-,-,-,-,-
31570,Rødbyhavn,DNK,DMI,Manual snow,Active,2,,54.6573,11.3515,,2024-11-28T14:46:41Z,2011-10-01T00:00:00Z,,,2011-10-01T00:00:00Z,,,,-,-,-,-,-,-,-,-,-,-,-,-,-,-,-,-,2011,2011,-,-,-,-,-,-,-,-,-,-,-,-,-,-,-,-,-,-,-,-,-,-,-,-,-,-,-,-,-
32110,Vestermarie,DNK,DMI,Manual snow,Active,83,,55.1069,14.8205,,2024-11-28T14:46:41Z,2012-02-01T00:00:00Z,,,2012-02-01T00:00:00Z,,,,-,-,-,-,-,-,-,-,-,-,-,-,-,-,-,-,2012,2012,-,-,-,-,-,-,-,-,-,-,-,-,-,-,-,-,-,-,-,-,-,-,-,-,-,-,-,-,-
32175,Østerlars,DNK,DMI,Manual snow,Active,,,55.1635,14.97,,2024-11-28T14:46:41Z,2019-07-01T00:00:00Z,,,2019-07-01T00:00:00Z,,,,-,-,-,-,-,-,-,-,-,-,-,-,-,-,-,-,2005,2005,-,-,-,-,-,-,-,-,-,-,-,-,-,-,-,-,-,-,-,-,-,-,-,-,-,-,-,-,-
34231,Mittarfik Kangerlussuaq,GRL,DMI,Manual precipitation,Active,50,,67.02,-50.6972,,2024-11-28T14:46:41Z,2017-01-01T00:00:00Z,,,2017-01-01T00:00:00Z,,,,-,-,-,-,-,-,-,-,-,-,-,2007,-,-,-,-,-,-,-,-,-,-,-,-,-,-,-,-,-,-,-,-,-,-,-,-,-,-,-,-,-,-,-,-,-,-,-
34234,Mittarfik Sisimiut,GRL,DMI,Manual precipitation,Active,10,,66.9517,-53.7217,,2024-11-28T14:46:41Z,2004-12-01T00:00:00Z,,,2004-12-01T00:00:00Z,,,,-,-,-,-,-,-,-,-,-,-,-,2004,-,-,-,-,-,-,-,-,-,-,-,-,-,-,-,-,-,-,-,-,-,-,-,-,-,-,-,-,-,-,-,-,-,-,-
34270,Narsarsuaq,GRL,DMI,Manual precipitation,Active,26,,61.1575,-45.44,,2024-11-28T14:46:41Z,2009-01-22T00:00:00Z,,,2009-01-22T00:00:00Z,,,,-,-,-,-,-,-,-,-,-,-,-,2009,-,-,-,-,-,-,-,-,-,-,-,-,-,-,-,-,-,-,-,-,-,-,-,-,-,-,-,-,-,-,-,-,-,-,-
34310,Station Nord,GRL,DMI,Manual precipitation,Active,36,,81.6022,-16.6633,,2024-11-28T14:46:41Z,2008-02-01T00:00:00Z,,,2008-02-01T00:00:00Z,,,,-,-,-,-,-,-,-,-,-,-,-,2008,-,-,-,-,-,-,-,-,-,-,-,-,-,-,-,-,-,-,-,-,-,-,-,-,-,-,-,-,-,-,-,-,-,-,-
34320,Danmarkshavn,GRL,DMI,Manual precipitation,Active,11,,76.7694,-18.6681,,2024-11-28T14:46:41Z,2009-01-01T00:00:00Z,,,2009-01-01T00:00:00Z,,,,-,-,-,-,-,-,-,-,-,-,-,2008,-,-,-,-,-,-,-,-,-,-,-,-,-,-,-,-,-,-,-,-,-,-,-,-,-,-,-,-,-,-,-,-,-,-,-
34339,Ittoqqortoormiit,GRL,DMI,Manual precipitation,Active,,,70.4844,-21.9511,,2024-11-28T14:46:41Z,2005-08-17T00:00:00Z,,,2005-08-17T00:00:00Z,,,,-,-,-,-,-,-,-,-,-,-,-,2014,-,-,-,-,-,-,-,-,-,-,-,-,-,-,-,-,-,-,-,-,-,-,-,-,-,-,-,-,-,-,-,-,-,-,-
,,,,,,,,,,,,,,,,,,,,,,,,,,,,,,,,,,,,,,,,,,,,,,,,,,,,,,,,,,,,,,,,,
,,,,,,,,,,,,,,,,,,,,,,,,,,,,,,,,,,,,,,,,,,,,,,,,,,,,,,,,,,,,,,,,,